# Blender v2.79 (sub 0) OBJ File: ''
# www.blender.org
mtllib town05_collison.mtl
o HIT_sr5flo1hit
v -7.749996 0.000003 27.000002
v -7.750000 0.000000 0.000001
v -23.499996 0.000003 27.000004
v -23.500000 0.000000 0.000004
v -23.499996 0.000003 27.000004
v -7.750000 0.000000 0.000001
v -3.602503 0.009997 -21.713671
v -3.602504 0.009997 -28.713671
v -14.397503 0.009997 -21.713669
v -14.397505 0.009997 -28.713669
v -14.397503 0.009997 -21.713669
v -3.602504 0.009997 -28.713671
v -13.164376 6.355476 28.268692
v -15.664376 6.355476 28.268692
v -15.664375 6.355477 31.768692
v -15.664375 6.355477 31.768692
v -13.164375 6.355477 31.768692
v -13.164376 6.355476 28.268692
v 34.241882 6.355477 31.532444
v 36.741882 6.355477 31.532444
v 36.741882 6.355476 28.032444
v 36.741882 6.355476 28.032444
v 34.241882 6.355476 28.032444
v 34.241882 6.355477 31.532444
v -0.000000 0.010000 -0.000000
v -0.000000 0.010000 -0.000000
v -0.000000 0.010000 -0.000000
v -0.000000 0.010000 -0.000000
v -0.000000 0.010000 -0.000000
v -0.000000 0.010000 -0.000000
v -0.000000 0.010000 -0.000000
v -0.000000 0.010000 -0.000000
v -0.000000 0.010000 -0.000000
v -0.000000 0.010000 -0.000000
v -0.000000 0.010000 -0.000000
v -0.000000 0.010000 -0.000000
v -0.000000 0.010000 -0.000000
v -0.000000 0.010000 -0.000000
v -0.000000 0.010000 -0.000000
v -0.000000 0.010000 -0.000000
v -0.000000 0.010000 -0.000000
v -0.000000 0.010000 -0.000000
v -0.000000 0.010000 -0.000000
v -0.000000 0.010000 -0.000000
v -0.000000 0.010000 -0.000000
v -0.000000 0.010000 -0.000000
v -0.000000 0.010000 -0.000000
v -0.000000 0.010000 -0.000000
v -7.750004 -0.000003 -26.999998
v -7.750008 -0.000006 -54.000000
v -23.500004 -0.000003 -26.999996
v -23.500008 -0.000006 -53.999996
v -23.500004 -0.000003 -26.999996
v -7.750008 -0.000006 -54.000000
v 23.750000 0.000000 -0.000004
v 23.749996 -0.000003 -27.000004
v 8.000000 0.000000 -0.000001
v 7.999996 -0.000003 -27.000002
v 8.000000 0.000000 -0.000001
v 23.749996 -0.000003 -27.000004
v 39.500004 0.000003 26.999994
v 39.500000 0.000000 -0.000006
v 23.750004 0.000003 26.999996
v 23.750000 0.000000 -0.000004
v 23.750004 0.000003 26.999996
v 39.500000 0.000000 -0.000006
v 23.750008 0.000006 53.999996
v 23.750004 0.000003 26.999996
v 8.000009 0.000006 54.000000
v 8.000004 0.000003 26.999998
v 8.000009 0.000006 54.000000
v 23.750004 0.000003 26.999996
v -7.749992 0.000006 54.000000
v -7.749996 0.000003 27.000002
v -23.499992 0.000006 54.000004
v -23.499996 0.000003 27.000004
v -23.499992 0.000006 54.000004
v -7.749996 0.000003 27.000002
v -13.164376 3.355476 28.268692
v -13.164375 3.355477 31.768692
v -15.664375 3.355477 31.768692
v -15.664375 3.355477 31.768692
v -15.664376 3.355476 28.268692
v -13.164376 3.355476 28.268692
v 34.241882 3.355477 31.532444
v 34.241882 3.355476 28.032444
v 36.741882 3.355476 28.032444
v 36.741882 3.355476 28.032444
v 36.741882 3.355477 31.532444
v 34.241882 3.355477 31.532444
v -0.000000 0.010000 -0.000000
v -0.000000 0.010000 -0.000000
v -0.000000 0.010000 -0.000000
v -0.000000 0.010000 -0.000000
v -0.000000 0.010000 -0.000000
v -0.000000 0.010000 -0.000000
v -0.000000 0.010000 -0.000000
v -0.000000 0.010000 -0.000000
v -0.000000 0.010000 -0.000000
v -0.000000 0.010000 -0.000000
v -0.000000 0.010000 -0.000000
v -0.000000 0.010000 -0.000000
v -0.000000 0.010000 -0.000000
v -0.000000 0.010000 -0.000000
v -0.000000 0.010000 -0.000000
v -0.000000 0.010000 -0.000000
v -0.000000 0.010000 -0.000000
v -0.000000 0.010000 -0.000000
v -0.000000 0.010000 -0.000000
v -0.000000 0.010000 -0.000000
v -0.000000 0.010000 -0.000000
v -0.000000 0.010000 -0.000000
v -0.000000 0.010000 -0.000000
v -0.000000 0.010000 -0.000000
v -0.000000 0.010000 -0.000000
v -0.000000 0.010000 -0.000000
v -0.000000 0.010000 -0.000000
v -0.000000 0.010000 -0.000000
v -0.000000 0.010000 -0.000000
v -0.000000 0.010000 -0.000000
v 0.000000 -0.010000 0.000000
v 0.000000 -0.010000 0.000000
v 0.000000 -0.010000 0.000000
v 0.000000 -0.010000 0.000000
v 0.000000 -0.010000 0.000000
v 0.000000 -0.010000 0.000000
v 0.000000 -0.010000 0.000000
v 0.000000 -0.010000 0.000000
v 0.000000 -0.010000 0.000000
v 0.000000 -0.010000 0.000000
v 0.000000 -0.010000 0.000000
v 0.000000 -0.010000 0.000000
v 7.999996 -0.000003 -27.000002
v 7.999992 -0.000006 -54.000000
v -7.750004 -0.000003 -26.999998
v -7.750008 -0.000006 -54.000000
v -7.750004 -0.000003 -26.999998
v 7.999992 -0.000006 -54.000000
v 8.000004 0.000003 26.999998
v 8.000000 0.000000 -0.000001
v -7.749996 0.000003 27.000002
v -7.750000 0.000000 0.000001
v -7.749996 0.000003 27.000002
v 8.000000 0.000000 -0.000001
v 39.500008 0.000006 53.999992
v 39.500004 0.000003 26.999994
v 23.750008 0.000006 53.999996
v 23.750004 0.000003 26.999996
v 23.750008 0.000006 53.999996
v 39.500004 0.000003 26.999994
v -13.164375 3.355477 31.768692
v -13.164376 3.355476 28.268692
v -13.164376 6.355476 28.268692
v -13.164376 6.355476 28.268692
v -13.164375 6.355477 31.768692
v -13.164375 3.355477 31.768692
v 34.241882 3.355476 28.032444
v 34.241882 3.355477 31.532444
v 34.241882 6.355477 31.532444
v 34.241882 6.355477 31.532444
v 34.241882 6.355476 28.032444
v 34.241882 3.355476 28.032444
v -0.000000 0.010000 -0.000000
v -0.000000 0.010000 -0.000000
v -0.000000 0.010000 -0.000000
v -0.000000 0.010000 -0.000000
v -0.000000 0.010000 -0.000000
v -0.000000 0.010000 -0.000000
v -0.000000 0.010000 -0.000000
v -0.000000 0.010000 -0.000000
v -0.000000 0.010000 -0.000000
v -0.000000 0.010000 -0.000000
v -0.000000 0.010000 -0.000000
v -0.000000 0.010000 -0.000000
v -0.000000 0.010000 -0.000000
v -0.000000 0.010000 -0.000000
v -0.000000 0.010000 -0.000000
v -0.000000 0.010000 -0.000000
v -0.000000 0.010000 -0.000000
v -0.000000 0.010000 -0.000000
v 0.010000 0.000000 -0.000000
v 0.010000 0.000000 -0.000000
v 0.010000 0.000000 -0.000000
v 0.010000 0.000000 -0.000000
v 0.010000 0.000000 -0.000000
v 0.010000 0.000000 -0.000000
v -0.010000 0.000000 0.000000
v -0.010000 0.000000 0.000000
v -0.010000 0.000000 0.000000
v -0.010000 0.000000 0.000000
v -0.010000 0.000000 0.000000
v -0.010000 0.000000 0.000000
v 23.749996 -0.000003 -27.000004
v 23.749992 -0.000006 -54.000004
v 7.999996 -0.000003 -27.000002
v 7.999992 -0.000006 -54.000000
v 7.999996 -0.000003 -27.000002
v 23.749992 -0.000006 -54.000004
v 8.000000 0.000000 -0.000001
v 7.999996 -0.000003 -27.000002
v -7.750000 0.000000 0.000001
v -7.750004 -0.000003 -26.999998
v -7.750000 0.000000 0.000001
v 7.999996 -0.000003 -27.000002
v -7.750000 0.000000 0.000001
v -7.750004 -0.000003 -26.999998
v -23.500000 0.000000 0.000004
v -23.500004 -0.000003 -26.999996
v -23.500000 0.000000 0.000004
v -7.750004 -0.000003 -26.999998
v 23.750004 0.000003 26.999996
v 23.750000 0.000000 -0.000004
v 8.000004 0.000003 26.999998
v 8.000000 0.000000 -0.000001
v 8.000004 0.000003 26.999998
v 23.750000 0.000000 -0.000004
v 8.000009 0.000006 54.000000
v 8.000004 0.000003 26.999998
v -7.749992 0.000006 54.000000
v -7.749996 0.000003 27.000002
v -7.749992 0.000006 54.000000
v 8.000004 0.000003 26.999998
v -0.000000 0.010000 -0.000000
v -0.000000 0.010000 -0.000000
v -0.000000 0.010000 -0.000000
v -0.000000 0.010000 -0.000000
v -0.000000 0.010000 -0.000000
v -0.000000 0.010000 -0.000000
v -0.000000 0.010000 -0.000000
v -0.000000 0.010000 -0.000000
v -0.000000 0.010000 -0.000000
v -0.000000 0.010000 -0.000000
v -0.000000 0.010000 -0.000000
v -0.000000 0.010000 -0.000000
v -0.000000 0.010000 -0.000000
v -0.000000 0.010000 -0.000000
v -0.000000 0.010000 -0.000000
v -0.000000 0.010000 -0.000000
v -0.000000 0.010000 -0.000000
v -0.000000 0.010000 -0.000000
v -0.000000 0.010000 -0.000000
v -0.000000 0.010000 -0.000000
v -0.000000 0.010000 -0.000000
v -0.000000 0.010000 -0.000000
v -0.000000 0.010000 -0.000000
v -0.000000 0.010000 -0.000000
v -0.000000 0.010000 -0.000000
v -0.000000 0.010000 -0.000000
v -0.000000 0.010000 -0.000000
v -0.000000 0.010000 -0.000000
v -0.000000 0.010000 -0.000000
v -0.000000 0.010000 -0.000000
v 17.045433 0.000003 25.296497
v 13.624283 0.000003 21.779799
v 13.624283 24.000002 21.779797
v 13.624283 24.000002 21.779797
v 17.045433 24.000004 25.296494
v 17.045433 0.000003 25.296497
v 2.914824 0.000004 36.776039
v 9.004729 0.000004 36.592510
v 9.004729 24.000004 36.592506
v 9.004729 24.000004 36.592506
v 2.914824 24.000004 36.776035
v 2.914824 0.000004 36.776039
v 14.470406 0.000004 36.677498
v 21.000006 0.000004 35.999996
v 21.000006 24.000004 36.000004
v 21.000006 24.000004 36.000004
v 14.470406 24.000004 36.677502
v 14.470406 0.000004 36.677498
v 21.000006 0.000004 35.999996
v 21.248243 0.000004 29.828196
v 21.248243 24.000004 29.828194
v 21.248243 24.000004 29.828194
v 21.000006 24.000004 36.000004
v 21.000006 0.000004 35.999996
v 13.624283 24.000002 21.779797
v 13.624283 0.000003 21.779799
v 12.085244 0.000003 23.752579
v 12.085244 0.000003 23.752579
v 12.085244 24.000002 23.752575
v 13.624283 24.000002 21.779797
v 14.470406 0.000004 36.677498
v 14.470406 24.000004 36.677502
v 13.627555 24.000004 30.160065
v 13.627555 24.000004 30.160065
v 13.627555 0.000004 30.160069
v 14.470406 0.000004 36.677498
v 13.627555 0.000004 30.160069
v 13.627555 24.000004 30.160065
v 11.053355 24.000004 30.160835
v 11.053355 24.000004 30.160835
v 11.053355 0.000004 30.160837
v 13.627555 0.000004 30.160069
v 12.085244 24.000002 23.752575
v 12.085244 0.000003 23.752579
v 10.374662 0.000003 21.951338
v 10.374662 0.000003 21.951338
v 10.374662 24.000002 21.951336
v 12.085244 24.000002 23.752575
v 11.053355 0.000004 30.160837
v 11.053355 24.000004 30.160835
v 9.004729 24.000004 36.592506
v 9.004729 24.000004 36.592506
v 9.004729 0.000004 36.592510
v 11.053355 0.000004 30.160837
v 10.374662 24.000002 21.951336
v 10.374662 0.000003 21.951338
v 6.948103 0.000003 25.383709
v 6.948103 0.000003 25.383709
v 6.948103 24.000004 25.383705
v 10.374662 24.000002 21.951336
v 21.248243 24.000004 29.828194
v 21.248243 0.000004 29.828196
v 21.076704 0.000003 28.719086
v 21.076704 0.000003 28.719086
v 21.076704 24.000004 28.719082
v 21.248243 24.000004 29.828194
v 2.914824 0.000004 36.776039
v 2.914824 24.000004 36.776035
v 2.916758 24.000004 28.802757
v 2.916758 24.000004 28.802757
v 2.916758 0.000003 28.802759
v 2.914824 0.000004 36.776039
v 21.076704 24.000004 28.719082
v 21.076704 0.000003 28.719086
v 15.066895 0.000003 28.637438
v 15.066895 0.000003 28.637438
v 15.066895 24.000004 28.637436
v 21.076704 24.000004 28.719082
v 2.916758 0.000003 28.802759
v 2.916758 24.000004 28.802757
v 8.920890 24.000004 28.722927
v 8.920890 24.000004 28.722927
v 8.920890 0.000003 28.722929
v 2.916758 0.000003 28.802759
v 15.066895 24.000004 28.637436
v 15.066895 0.000003 28.637438
v 17.045433 0.000003 25.296497
v 17.045433 0.000003 25.296497
v 17.045433 24.000004 25.296494
v 15.066895 24.000004 28.637436
v 8.920890 0.000003 28.722929
v 8.920890 24.000004 28.722927
v 6.948103 24.000004 25.383705
v 6.948103 24.000004 25.383705
v 6.948103 0.000003 25.383709
v 8.920890 0.000003 28.722929
v -8.807891 -0.000006 -52.020439
v -6.430394 -0.000006 -52.020439
v -8.807891 23.999994 -52.020443
v -6.430394 23.999994 -52.020443
v -8.807891 23.999994 -52.020443
v -6.430394 -0.000006 -52.020439
v -18.577635 -0.000004 -35.954826
v -18.690315 -0.000005 -40.983395
v -18.577635 23.999996 -35.954830
v -18.690315 23.999994 -40.983398
v -18.577635 23.999996 -35.954830
v -18.690315 -0.000005 -40.983395
v 1.412105 -0.000002 -18.998690
v -2.948949 -0.000002 -19.065550
v 1.412105 23.999998 -18.998684
v -2.948948 23.999998 -19.065552
v 1.412105 23.999998 -18.998684
v -2.948949 -0.000002 -19.065550
v 1.696524 -0.000006 -49.620972
v 2.999993 -0.000005 -45.000000
v 1.696524 23.999994 -49.620975
v 2.999993 23.999994 -45.000004
v 1.696524 23.999994 -49.620975
v 2.999993 -0.000005 -45.000000
v -15.785248 -0.000006 -49.400436
v -15.785248 23.999994 -49.400440
v -20.294136 -0.000005 -43.666035
v -20.294136 23.999994 -43.666039
v -20.294136 -0.000005 -43.666035
v -15.785248 23.999994 -49.400440
v -14.997223 23.999998 -20.999332
v -14.997223 -0.000003 -20.999329
v -16.291853 23.999998 -22.723030
v -16.291853 -0.000003 -22.723028
v -16.291853 23.999998 -22.723030
v -14.997223 -0.000003 -20.999329
v 0.006986 23.999994 -50.379536
v 0.006986 -0.000006 -50.379532
v 0.428186 23.999994 -49.878292
v 0.428186 -0.000006 -49.878288
v 0.428186 23.999994 -49.878292
v 0.006986 -0.000006 -50.379532
v 1.416276 -0.000002 -16.034060
v 1.416276 23.999998 -16.034061
v 9.925354 -0.000002 -16.136742
v 9.925354 23.999998 -16.136745
v 9.925354 -0.000002 -16.136742
v 1.416276 23.999998 -16.034061
v 0.428186 23.999994 -49.878292
v 0.428186 -0.000006 -49.878288
v 1.696524 23.999994 -49.620975
v 1.696524 -0.000006 -49.620972
v 1.696524 23.999994 -49.620975
v 0.428186 -0.000006 -49.878288
v 9.266383 -0.000001 -6.594382
v 9.266383 24.000000 -6.594383
v 6.773550 -0.000000 -2.951095
v 6.773550 24.000000 -2.951099
v 6.773550 -0.000000 -2.951095
v 9.266383 24.000000 -6.594383
v -18.577635 -0.000004 -35.954826
v -18.577635 23.999996 -35.954830
v -20.020947 -0.000004 -33.074127
v -20.020947 23.999996 -33.074131
v -20.020947 -0.000004 -33.074127
v -18.577635 23.999996 -35.954830
v 7.024722 23.999994 -45.000004
v 7.024722 -0.000005 -45.000000
v 7.026014 23.999994 -43.115265
v 7.026014 -0.000005 -43.115261
v 7.026014 23.999994 -43.115265
v 7.024722 -0.000005 -45.000000
v 2.999993 23.999994 -45.000004
v 2.999993 -0.000005 -45.000000
v 7.024722 23.999994 -45.000004
v 7.024722 -0.000005 -45.000000
v 7.024722 23.999994 -45.000004
v 2.999993 -0.000005 -45.000000
v 6.773550 -0.000000 -2.951095
v 6.773550 24.000000 -2.951099
v 6.168933 0.000000 0.534873
v 6.168933 24.000000 0.534871
v 6.168933 0.000000 0.534873
v 6.773550 24.000000 -2.951099
v -20.294136 -0.000005 -43.666035
v -20.294136 23.999994 -43.666039
v -18.690315 -0.000005 -40.983395
v -18.690315 23.999994 -40.983398
v -18.690315 -0.000005 -40.983395
v -20.294136 23.999994 -43.666039
v -17.134144 23.999996 -25.266743
v -17.134144 -0.000003 -25.266739
v -17.263363 23.999996 -29.969589
v -17.263353 -0.000004 -29.969587
v -17.263363 23.999996 -29.969589
v -17.134144 -0.000003 -25.266739
v -20.020947 -0.000004 -33.074127
v -20.020947 23.999996 -33.074131
v -18.167925 -0.000004 -32.999996
v -18.167925 23.999996 -33.000000
v -18.167925 -0.000004 -32.999996
v -20.020947 23.999996 -33.074131
v 7.026014 23.999994 -43.115265
v 7.026014 -0.000005 -43.115261
v 4.725811 23.999994 -42.783684
v 4.725811 -0.000005 -42.783680
v 4.725811 23.999994 -42.783684
v 7.026014 -0.000005 -43.115261
v 5.378048 23.999996 -33.006092
v 5.378048 -0.000004 -33.006081
v 7.866344 23.999996 -33.006824
v 7.866344 -0.000004 -33.006821
v 7.866344 23.999996 -33.006824
v 5.378048 -0.000004 -33.006081
v -18.167925 -0.000004 -32.999996
v -18.167925 23.999996 -33.000000
v -17.263353 -0.000004 -29.969587
v -17.263363 23.999996 -29.969589
v -17.263353 -0.000004 -29.969587
v -18.167925 23.999996 -33.000000
v 6.168933 0.000000 0.534873
v 6.168933 24.000000 0.534871
v 5.392409 0.000000 2.421885
v 5.392409 24.000000 2.421882
v 5.392409 0.000000 2.421885
v 6.168933 24.000000 0.534871
v 4.725811 23.999994 -42.783684
v 4.725811 -0.000005 -42.783680
v 5.378048 23.999996 -33.006092
v 5.378048 -0.000004 -33.006081
v 5.378048 23.999996 -33.006092
v 4.725811 -0.000005 -42.783680
v -17.134144 -0.000003 -25.266739
v -17.134144 23.999996 -25.266743
v -16.724823 -0.000003 -24.686998
v -16.724823 23.999996 -24.687000
v -16.724823 -0.000003 -24.686998
v -17.134144 23.999996 -25.266743
v 7.866344 23.999996 -33.006824
v 7.866344 -0.000004 -33.006821
v 7.784908 23.999996 -26.881264
v 7.784908 -0.000003 -26.881262
v 7.784908 23.999996 -26.881264
v 7.866344 -0.000004 -33.006821
v -16.724823 -0.000003 -24.686998
v -16.724823 23.999996 -24.687000
v -16.291853 -0.000003 -22.723028
v -16.291853 23.999998 -22.723030
v -16.291853 -0.000003 -22.723028
v -16.724823 23.999996 -24.687000
v 15.099687 23.999996 -25.785316
v 15.099687 -0.000003 -25.785313
v 17.474966 23.999998 -21.000004
v 17.474966 -0.000003 -21.000002
v 17.474966 23.999998 -21.000004
v 15.099687 -0.000003 -25.785313
v 19.484638 0.000006 48.693336
v 19.484638 24.000006 48.693333
v 20.658468 0.000006 48.253677
v 20.658468 24.000006 48.253674
v 20.658468 0.000006 48.253677
v 19.484638 24.000006 48.693333
v 7.784908 23.999996 -26.881264
v 7.784908 -0.000003 -26.881262
v 15.099687 23.999996 -25.785316
v 15.099687 -0.000003 -25.785313
v 15.099687 23.999996 -25.785316
v 7.784908 -0.000003 -26.881262
v 9.925354 -0.000002 -16.136742
v 9.925354 23.999998 -16.136745
v 9.890450 -0.000001 -11.861382
v 9.890450 23.999998 -11.861384
v 9.890450 -0.000001 -11.861382
v 9.925354 23.999998 -16.136745
v 17.474966 23.999998 -21.000004
v 17.474966 -0.000003 -21.000002
v 19.023516 23.999998 -20.918598
v 19.023525 -0.000002 -20.918594
v 19.023516 23.999998 -20.918598
v 17.474966 -0.000003 -21.000002
v 9.890450 -0.000001 -11.861382
v 9.890450 23.999998 -11.861384
v 9.266383 -0.000001 -6.594382
v 9.266383 24.000000 -6.594383
v 9.266383 -0.000001 -6.594382
v 9.890450 23.999998 -11.861384
v 19.023516 23.999998 -20.918598
v 19.023525 -0.000002 -20.918594
v 19.023518 23.999998 -18.094028
v 19.023527 -0.000002 -18.094025
v 19.023518 23.999998 -18.094028
v 19.023525 -0.000002 -20.918594
v 5.392409 0.000000 2.421885
v 5.392409 24.000000 2.421882
v 4.449548 0.000000 2.590591
v 4.449548 24.000000 2.590588
v 4.449548 0.000000 2.590591
v 5.392409 24.000000 2.421882
v 19.023518 23.999998 -18.094028
v 19.023527 -0.000002 -18.094025
v 17.908628 23.999998 -18.095757
v 17.908638 -0.000002 -18.095753
v 17.908628 23.999998 -18.095757
v 19.023527 -0.000002 -18.094025
v 4.449548 0.000000 2.590591
v 4.449548 24.000000 2.590588
v 3.761425 0.000000 0.615523
v 3.761425 24.000000 0.615521
v 3.761425 0.000000 0.615523
v 4.449548 24.000000 2.590588
v 17.295387 23.999998 -15.034936
v 17.295387 -0.000002 -15.034933
v 17.954649 23.999998 -11.388326
v 17.954649 -0.000001 -11.388323
v 17.954649 23.999998 -11.388326
v 17.295387 -0.000002 -15.034933
v 20.658468 0.000006 48.253677
v 20.658468 24.000006 48.253674
v 23.400908 0.000006 48.166466
v 23.400908 24.000006 48.166462
v 23.400908 0.000006 48.166466
v 20.658468 24.000006 48.253674
v 17.908628 23.999998 -18.095757
v 17.908638 -0.000002 -18.095753
v 17.295387 23.999998 -15.034936
v 17.295387 -0.000002 -15.034933
v 17.295387 23.999998 -15.034936
v 17.908638 -0.000002 -18.095753
v 3.761425 0.000000 0.615523
v 3.761425 24.000000 0.615521
v 2.474828 0.000000 0.609579
v 2.474828 24.000000 0.609576
v 2.474828 0.000000 0.609579
v 3.761425 24.000000 0.615521
v 17.954649 23.999998 -11.388326
v 17.954649 -0.000001 -11.388323
v 22.010609 23.999998 -11.428085
v 22.010609 -0.000001 -11.428082
v 22.010609 23.999998 -11.428085
v 17.954649 -0.000001 -11.388323
v 1.362241 0.000000 2.498583
v 1.362241 24.000000 2.498580
v -4.300733 0.000000 3.181602
v -4.300732 24.000000 3.181599
v -4.300733 0.000000 3.181602
v 1.362241 24.000000 2.498580
v 22.010609 23.999998 -11.428085
v 22.010609 -0.000001 -11.428082
v 21.969707 23.999998 -9.194627
v 21.969707 -0.000001 -9.194625
v 21.969707 23.999998 -9.194627
v 22.010609 -0.000001 -11.428082
v 15.930318 24.000006 48.417744
v 15.930318 0.000006 48.417747
v 15.014788 24.000006 50.254063
v 15.014788 0.000006 50.254066
v 15.014788 24.000006 50.254063
v 15.930318 0.000006 48.417747
v 2.474828 0.000000 0.609579
v 2.474828 24.000000 0.609576
v 1.362241 0.000000 2.498583
v 1.362241 24.000000 2.498580
v 1.362241 0.000000 2.498583
v 2.474828 24.000000 0.609576
v 20.334078 23.999998 -9.034903
v 20.334078 -0.000001 -9.034901
v 20.484200 24.000000 -2.053860
v 20.484200 -0.000000 -2.053856
v 20.484200 24.000000 -2.053860
v 20.334078 -0.000001 -9.034901
v -4.300733 0.000000 3.181602
v -4.300732 24.000000 3.181599
v -5.605570 0.000000 3.094547
v -5.605570 24.000000 3.094544
v -5.605570 0.000000 3.094547
v -4.300732 24.000000 3.181599
v 23.400908 0.000006 48.166466
v 23.400908 24.000006 48.166462
v 24.000008 0.000006 49.796165
v 24.000008 24.000006 49.796162
v 24.000008 0.000006 49.796165
v 23.400908 24.000006 48.166462
v 21.969707 23.999998 -9.194627
v 21.969707 -0.000001 -9.194625
v 20.334078 23.999998 -9.034903
v 20.334078 -0.000001 -9.034901
v 20.334078 23.999998 -9.034903
v 21.969707 -0.000001 -9.194625
v -5.641552 0.000001 9.038117
v -5.641553 24.000002 9.038115
v -7.845118 0.000001 9.095768
v -7.845118 24.000002 9.095765
v -7.845118 0.000001 9.095768
v -5.641553 24.000002 9.038115
v 20.484200 24.000000 -2.053860
v 20.484200 -0.000000 -2.053856
v 22.534861 24.000000 -1.582097
v 22.534861 -0.000000 -1.582093
v 22.534861 24.000000 -1.582097
v 20.484200 -0.000000 -2.053856
v 10.176947 24.000006 46.293705
v 10.176947 0.000006 46.293709
v 6.530449 24.000006 47.290195
v 6.530449 0.000006 47.290199
v 6.530449 24.000006 47.290195
v 10.176947 0.000006 46.293709
v -5.605570 0.000000 3.094547
v -5.605570 24.000000 3.094544
v -5.641552 0.000001 9.038117
v -5.641553 24.000002 9.038115
v -5.641552 0.000001 9.038117
v -5.605570 24.000000 3.094544
v 23.117760 24.000000 2.916864
v 23.117760 0.000000 2.916867
v 23.036251 24.000000 7.122777
v 23.036251 0.000001 7.122780
v 23.036251 24.000000 7.122777
v 23.117760 0.000000 2.916867
v -7.845118 0.000001 9.095768
v -7.845118 24.000002 9.095765
v -7.823529 0.000002 17.927351
v -7.823529 24.000002 17.927349
v -7.823529 0.000002 17.927351
v -7.845118 24.000002 9.095765
v 24.000008 0.000006 49.796165
v 24.000008 24.000006 49.796162
v 26.563818 0.000006 47.735485
v 26.563818 24.000006 47.735481
v 26.563818 0.000006 47.735485
v 24.000008 24.000006 49.796162
v 22.534861 24.000000 -1.582097
v 22.534861 -0.000000 -1.582093
v 23.117760 24.000000 2.916864
v 23.117760 0.000000 2.916867
v 23.117760 24.000000 2.916864
v 22.534861 -0.000000 -1.582093
v -10.747367 0.000002 18.533651
v -10.747367 24.000002 18.533649
v -11.336347 0.000003 23.930311
v -11.336347 24.000002 23.930309
v -11.336347 0.000003 23.930311
v -10.747367 24.000002 18.533649
v 23.036251 24.000000 7.122777
v 23.036251 0.000001 7.122780
v 28.540312 24.000000 7.060921
v 28.540312 0.000001 7.060924
v 28.540312 24.000000 7.060921
v 23.036251 0.000001 7.122780
v 2.298417 24.000006 45.965557
v 2.298417 0.000005 45.965561
v -3.934168 24.000006 45.743217
v -3.934168 0.000005 45.743221
v -3.934168 24.000006 45.743217
v 2.298417 0.000005 45.965561
v -7.823529 0.000002 17.927351
v -7.823529 24.000002 17.927349
v -10.747367 0.000002 18.533651
v -10.747367 24.000002 18.533649
v -10.747367 0.000002 18.533651
v -7.823529 24.000002 17.927349
v 28.540312 24.000000 7.060921
v 28.540312 0.000001 7.060924
v 28.928581 24.000002 9.171496
v 28.928581 0.000001 9.171499
v 28.928581 24.000002 9.171496
v 28.540312 0.000001 7.060924
v -11.336347 0.000003 23.930311
v -11.336347 24.000002 23.930309
v -11.748177 0.000003 24.959082
v -11.748177 24.000004 24.959080
v -11.748177 0.000003 24.959082
v -11.336347 24.000002 23.930309
v 28.877052 24.000002 15.173693
v 28.877052 0.000002 15.173696
v 34.022255 24.000002 15.425022
v 34.022255 0.000002 15.425025
v 34.022255 24.000002 15.425022
v 28.877052 0.000002 15.173696
v -11.748177 0.000003 24.959082
v -11.748177 24.000004 24.959080
v -11.859376 0.000003 26.388391
v -11.859376 24.000004 26.388390
v -11.859376 0.000003 26.388391
v -11.748177 24.000004 24.959080
v 30.000008 0.000005 44.316456
v 30.000008 24.000006 44.316452
v 29.991236 0.000005 42.082687
v 29.991236 24.000006 42.082684
v 29.991236 0.000005 42.082687
v 30.000008 24.000006 44.316452
v 28.928581 24.000002 9.171496
v 28.928581 0.000001 9.171499
v 28.877052 24.000002 15.173693
v 28.877052 0.000002 15.173696
v 28.877052 24.000002 15.173693
v 28.928581 0.000001 9.171499
v -14.841906 0.000004 30.690283
v -14.841906 24.000004 30.690281
v -12.718246 0.000004 31.374401
v -12.718246 24.000004 31.374397
v -12.718246 0.000004 31.374401
v -14.841906 24.000004 30.690281
v 34.022255 24.000002 15.425022
v 34.022255 0.000002 15.425025
v 34.022255 24.000002 17.818680
v 34.022255 0.000002 17.818684
v 34.022255 24.000002 17.818680
v 34.022255 0.000002 15.425025
v -3.934168 24.000006 45.743217
v -3.934168 0.000005 45.743221
v -8.046399 24.000006 43.460384
v -8.046398 0.000005 43.460388
v -8.046399 24.000006 43.460384
v -3.934168 0.000005 45.743221
v -11.859376 0.000003 26.388391
v -11.859376 24.000004 26.388390
v -12.611285 0.000003 28.505442
v -12.611285 24.000004 28.505440
v -12.611285 0.000003 28.505442
v -11.859376 24.000004 26.388390
v 34.022255 24.000002 17.818680
v 34.022255 0.000002 17.818684
v 32.663803 24.000002 17.990833
v 32.663803 0.000002 17.990835
v 32.663803 24.000002 17.990833
v 34.022255 0.000002 17.818684
v -14.916656 0.000004 33.018425
v -14.916656 24.000004 33.018429
v -16.030893 0.000004 33.100143
v -16.030905 24.000004 33.100140
v -16.030893 0.000004 33.100143
v -14.916656 24.000004 33.018429
v 32.983746 24.000004 24.459133
v 32.983746 0.000003 24.459135
v 37.022495 24.000004 24.843151
v 37.022495 0.000003 24.843155
v 37.022495 24.000004 24.843151
v 32.983746 0.000003 24.459135
v -16.030893 0.000004 33.100143
v -16.030905 24.000004 33.100140
v -16.029203 0.000004 35.208084
v -16.029203 24.000004 35.208080
v -16.029203 0.000004 35.208084
v -16.030905 24.000004 33.100140
v 35.913605 0.000004 30.532215
v 35.913605 24.000004 30.532211
v 35.923504 0.000003 29.336254
v 35.923504 24.000004 29.336262
v 35.923504 0.000003 29.336254
v 35.913605 24.000004 30.532211
v 32.663803 24.000002 17.990833
v 32.663803 0.000002 17.990835
v 32.983746 24.000004 24.459133
v 32.983746 0.000003 24.459135
v 32.983746 24.000004 24.459133
v 32.663803 0.000002 17.990835
v -16.029203 0.000004 35.208084
v -16.029203 24.000004 35.208080
v -11.304514 0.000004 35.231651
v -11.304514 24.000004 35.231655
v -11.304514 0.000004 35.231651
v -16.029203 24.000004 35.208080
v 37.022495 24.000004 24.843151
v 37.022495 0.000003 24.843155
v 37.024193 24.000004 25.619301
v 37.024193 0.000003 25.619305
v 37.024193 24.000004 25.619301
v 37.022495 0.000003 24.843155
v -11.401363 0.000005 42.017151
v -11.401363 24.000006 42.017147
v -12.516423 0.000005 42.096970
v -13.021693 24.000006 42.096970
v -12.516423 0.000005 42.096970
v -11.401363 24.000006 42.017147
v 37.024193 24.000004 25.619301
v 37.024193 0.000003 25.619305
v 33.590942 24.000004 27.759922
v 33.590942 0.000003 27.759924
v 33.590942 24.000004 27.759922
v 37.024193 0.000003 25.619305
v -13.025204 24.000006 43.845501
v -13.025204 0.000005 43.845505
v -13.021693 24.000006 42.096970
v -12.516423 0.000005 42.096970
v -13.021693 24.000006 42.096970
v -13.025204 0.000005 43.845505
v -11.304514 0.000004 35.231651
v -11.304514 24.000004 35.231655
v -11.401363 0.000005 42.017151
v -11.401363 24.000006 42.017147
v -11.401363 0.000005 42.017151
v -11.304514 24.000004 35.231655
v 31.919445 24.000004 36.000004
v 31.919445 0.000004 35.999996
v 31.377115 24.000006 41.999992
v 31.377115 0.000005 41.999996
v 31.377115 24.000006 41.999992
v 31.919445 0.000004 35.999996
v -13.025204 0.000005 43.845505
v -13.025204 24.000006 43.845501
v -11.999993 0.000005 43.922260
v -11.999993 24.000006 43.922256
v -11.999993 0.000005 43.922260
v -13.025204 24.000006 43.845501
v 31.377115 24.000006 41.999992
v 31.377115 0.000005 41.999996
v 29.991236 24.000006 42.082684
v 29.991236 0.000005 42.082687
v 29.991236 24.000006 42.082684
v 31.377115 0.000005 41.999996
v -11.999993 0.000005 43.922260
v -11.999993 24.000006 43.922256
v -8.046398 0.000005 43.460388
v -8.046399 24.000006 43.460384
v -8.046398 0.000005 43.460388
v -11.999993 24.000006 43.922256
v 2.298417 0.000005 45.965561
v 2.298417 24.000006 45.965557
v 6.530449 0.000006 47.290199
v 6.530449 24.000006 47.290195
v 6.530449 0.000006 47.290199
v 2.298417 24.000006 45.965557
v 30.000008 24.000006 44.316452
v 30.000008 0.000005 44.316456
v 28.879698 24.000006 44.739372
v 28.879698 0.000005 44.739376
v 28.879698 24.000006 44.739372
v 30.000008 0.000005 44.316456
v 17.373928 0.000006 50.946907
v 17.373928 24.000006 50.946903
v 18.425108 0.000006 50.940487
v 18.425108 24.000006 50.940483
v 18.425108 0.000006 50.940487
v 17.373928 24.000006 50.946903
v 28.879698 24.000006 44.739372
v 28.879698 0.000005 44.739376
v 26.563818 24.000006 47.735481
v 26.563818 0.000006 47.735485
v 26.563818 24.000006 47.735481
v 28.879698 0.000005 44.739376
v 19.484638 24.000006 48.693333
v 19.484638 0.000006 48.693336
v 18.425108 24.000006 50.940483
v 18.425108 0.000006 50.940487
v 18.425108 24.000006 50.940483
v 19.484638 0.000006 48.693336
v 16.613928 0.000006 48.639114
v 16.613928 24.000006 48.639111
v 17.373928 0.000006 50.946907
v 17.373928 24.000006 50.946903
v 17.373928 0.000006 50.946907
v 16.613928 24.000006 48.639111
v 31.919445 0.000004 35.999996
v 31.919445 24.000004 36.000004
v 33.602974 0.000004 31.343513
v 33.602974 24.000004 31.343510
v 33.602974 0.000004 31.343513
v 31.919445 24.000004 36.000004
v 33.590942 24.000004 27.759922
v 33.590942 0.000003 27.759924
v 33.527092 24.000004 28.603642
v 33.527092 0.000003 28.603643
v 33.527092 24.000004 28.603642
v 33.590942 0.000003 27.759924
v -12.611285 0.000003 28.505442
v -12.611285 24.000004 28.505440
v -14.879166 0.000004 29.475681
v -14.879166 24.000004 29.475677
v -14.879166 0.000004 29.475681
v -12.611285 24.000004 28.505440
v -14.916656 24.000004 33.018429
v -14.916656 0.000004 33.018425
v -12.451885 24.000004 32.105186
v -12.451885 0.000004 32.105190
v -12.451885 24.000004 32.105186
v -14.916656 0.000004 33.018425
v 1.416276 23.999998 -16.034061
v 1.416276 -0.000002 -16.034060
v 1.412105 23.999998 -18.998684
v 1.412105 -0.000002 -18.998690
v 1.412105 23.999998 -18.998684
v 1.416276 -0.000002 -16.034060
v -14.997223 -0.000003 -20.999329
v -14.997223 23.999998 -20.999332
v -2.948949 -0.000002 -19.065550
v -2.948948 23.999998 -19.065552
v -2.948949 -0.000002 -19.065550
v -14.997223 23.999998 -20.999332
v -15.785248 23.999994 -49.400440
v -15.785248 -0.000006 -49.400436
v -8.929192 23.999994 -50.333694
v -8.929193 -0.000006 -50.333691
v -8.929192 23.999994 -50.333694
v -15.785248 -0.000006 -49.400436
v 0.006986 -0.000006 -50.379532
v 0.006986 23.999994 -50.379536
v -6.244162 -0.000006 -50.298061
v -6.244163 23.999994 -50.298065
v -6.244162 -0.000006 -50.298061
v 0.006986 23.999994 -50.379536
v -8.929192 23.999994 -50.333694
v -8.929193 -0.000006 -50.333691
v -8.807891 23.999994 -52.020443
v -8.807891 -0.000006 -52.020439
v -8.807891 23.999994 -52.020443
v -8.929193 -0.000006 -50.333691
v -6.244162 -0.000006 -50.298061
v -6.244163 23.999994 -50.298065
v -6.430394 -0.000006 -52.020439
v -6.430394 23.999994 -52.020443
v -6.430394 -0.000006 -52.020439
v -6.244163 23.999994 -50.298065
v 16.613928 24.000006 48.639111
v 16.613928 0.000006 48.639114
v 15.930318 24.000006 48.417744
v 15.930318 0.000006 48.417747
v 15.930318 24.000006 48.417744
v 16.613928 0.000006 48.639114
v 10.176947 0.000006 46.293709
v 10.176947 24.000006 46.293705
v 15.014788 0.000006 50.254066
v 15.014788 24.000006 50.254063
v 15.014788 0.000006 50.254066
v 10.176947 24.000006 46.293705
v 33.602974 0.000004 31.343513
v 33.602974 24.000004 31.343510
v 35.913605 0.000004 30.532215
v 35.913605 24.000004 30.532211
v 35.913605 0.000004 30.532215
v 33.602974 24.000004 31.343510
v 33.527092 24.000004 28.603642
v 33.527092 0.000003 28.603643
v 35.923504 24.000004 29.336262
v 35.923504 0.000003 29.336254
v 35.923504 24.000004 29.336262
v 33.527092 0.000003 28.603643
v -14.879166 0.000004 29.475681
v -14.879166 24.000004 29.475677
v -14.841906 0.000004 30.690283
v -14.841906 24.000004 30.690281
v -14.841906 0.000004 30.690283
v -14.879166 24.000004 29.475677
v -12.451885 24.000004 32.105186
v -12.451885 0.000004 32.105190
v -12.718246 24.000004 31.374397
v -12.718246 0.000004 31.374401
v -12.718246 24.000004 31.374397
v -12.451885 0.000004 32.105190
v 0.007168 -0.000000 -0.006973
v 0.007168 -0.000000 -0.006973
v 0.007168 -0.000000 -0.006973
v 0.007168 -0.000000 -0.006973
v 0.007168 -0.000000 -0.006973
v 0.007168 -0.000000 -0.006973
v 0.000301 0.000000 0.009995
v 0.000301 0.000000 0.009995
v 0.000301 0.000000 0.009995
v 0.000301 0.000000 0.009995
v 0.000301 0.000000 0.009995
v 0.000301 0.000000 0.009995
v 0.001032 0.000000 0.009947
v 0.001032 0.000000 0.009947
v 0.001032 0.000000 0.009947
v 0.001032 0.000000 0.009947
v 0.001032 0.000000 0.009947
v 0.001032 0.000000 0.009947
v 0.009992 0.000000 0.000402
v 0.009992 0.000000 0.000402
v 0.009992 0.000000 0.000402
v 0.009992 0.000000 0.000402
v 0.009992 0.000000 0.000402
v 0.009992 0.000000 0.000402
v -0.007885 -0.000000 -0.006151
v -0.007885 -0.000000 -0.006151
v -0.007885 -0.000000 -0.006151
v -0.007885 -0.000000 -0.006151
v -0.007885 -0.000000 -0.006151
v -0.007885 -0.000000 -0.006151
v -0.009917 0.000000 0.001283
v -0.009917 0.000000 0.001283
v -0.009917 0.000000 0.001283
v -0.009917 0.000000 0.001283
v -0.009917 0.000000 0.001283
v -0.009917 0.000000 0.001283
v 0.000003 0.000000 0.010000
v 0.000003 0.000000 0.010000
v 0.000003 0.000000 0.010000
v 0.000003 0.000000 0.010000
v 0.000003 0.000000 0.010000
v 0.000003 0.000000 0.010000
v 0.007251 -0.000000 -0.006886
v 0.007251 -0.000000 -0.006886
v 0.007251 -0.000000 -0.006886
v 0.007251 -0.000000 -0.006886
v 0.007251 -0.000000 -0.006886
v 0.007251 -0.000000 -0.006886
v 0.009528 0.000000 0.003035
v 0.009528 0.000000 0.003035
v 0.009528 0.000000 0.003035
v 0.009528 0.000000 0.003035
v 0.009528 0.000000 0.003035
v 0.009528 0.000000 0.003035
v -0.007077 -0.000000 -0.007065
v -0.007077 -0.000000 -0.007065
v -0.007077 -0.000000 -0.007065
v -0.007077 -0.000000 -0.007065
v -0.007077 -0.000000 -0.007065
v -0.007077 -0.000000 -0.007065
v 0.009882 -0.000000 -0.001529
v 0.009882 -0.000000 -0.001529
v 0.009882 -0.000000 -0.001529
v 0.009882 -0.000000 -0.001529
v 0.009882 -0.000000 -0.001529
v 0.009882 -0.000000 -0.001529
v -0.010000 -0.000000 -0.000002
v -0.010000 -0.000000 -0.000002
v -0.010000 -0.000000 -0.000002
v -0.010000 -0.000000 -0.000002
v -0.010000 -0.000000 -0.000002
v -0.010000 -0.000000 -0.000002
v 0.000136 -0.000000 -0.009999
v 0.000136 -0.000000 -0.009999
v 0.000136 -0.000000 -0.009999
v 0.000136 -0.000000 -0.009999
v 0.000136 -0.000000 -0.009999
v 0.000136 -0.000000 -0.009999
v -0.000133 -0.000000 -0.009999
v -0.000133 -0.000000 -0.009999
v -0.000133 -0.000000 -0.009999
v -0.000133 -0.000000 -0.009999
v -0.000133 -0.000000 -0.009999
v -0.000133 -0.000000 -0.009999
v 0.008604 0.000000 0.005096
v 0.008604 0.000000 0.005096
v 0.008604 0.000000 0.005096
v 0.008604 0.000000 0.005096
v 0.008604 0.000000 0.005096
v 0.008604 0.000000 0.005096
v -0.008610 0.000000 0.005087
v -0.008610 0.000000 0.005087
v -0.008610 0.000000 0.005087
v -0.008610 0.000000 0.005087
v -0.008610 0.000000 0.005087
v -0.008610 0.000000 0.005087
v 0.000000 0.000000 0.010000
v 0.000000 0.000000 0.010000
v 0.000000 0.000000 0.010000
v 0.000000 0.000000 0.010000
v 0.000000 0.000000 0.010000
v 0.000000 0.000000 0.010000
v 0.009997 -0.000000 -0.000224
v 0.009997 -0.000000 -0.000224
v 0.009997 -0.000000 -0.000224
v 0.009997 0.000000 -0.000224
v 0.009997 0.000000 -0.000224
v 0.009997 0.000000 -0.000224
v 0.000153 -0.000000 -0.009999
v 0.000153 -0.000000 -0.009999
v 0.000153 -0.000000 -0.009999
v 0.000153 -0.000000 -0.009999
v 0.000153 -0.000000 -0.009999
v 0.000153 -0.000000 -0.009999
v -0.009624 0.000000 0.002715
v -0.009624 0.000000 0.002715
v -0.009624 0.000000 0.002715
v -0.009624 0.000000 0.002715
v -0.009624 0.000000 0.002715
v -0.009624 0.000000 0.002715
v 0.007861 0.000000 0.006181
v 0.007861 0.000000 0.006181
v 0.007861 0.000000 0.006181
v 0.007861 0.000000 0.006181
v 0.007861 0.000000 0.006181
v 0.007861 0.000000 0.006181
v 0.007996 -0.000000 -0.006005
v 0.007996 -0.000000 -0.006005
v 0.007996 -0.000000 -0.006005
v 0.007996 0.000000 -0.006005
v 0.007996 0.000000 -0.006005
v 0.007996 0.000000 -0.006005
v -0.007656 0.000000 0.006433
v -0.007656 0.000000 0.006433
v -0.007656 0.000000 0.006433
v -0.007656 0.000000 0.006433
v -0.007656 0.000000 0.006433
v -0.007656 0.000000 0.006433
v -0.000121 -0.000000 -0.009999
v -0.000121 -0.000000 -0.009999
v -0.000121 -0.000000 -0.009999
v -0.000121 -0.000000 -0.009999
v -0.000121 -0.000000 -0.009999
v -0.000121 -0.000000 -0.009999
v -0.001988 0.000000 0.009800
v -0.001988 0.000000 0.009800
v -0.001988 0.000000 0.009800
v -0.001988 0.000000 0.009800
v -0.001988 0.000000 0.009800
v -0.001988 0.000000 0.009800
v 0.008253 0.000000 0.005647
v 0.008253 0.000000 0.005647
v 0.008253 0.000000 0.005647
v 0.008253 0.000000 0.005647
v 0.008253 0.000000 0.005647
v 0.008253 0.000000 0.005647
v 0.008941 0.000000 0.004479
v 0.008941 0.000000 0.004479
v 0.008941 0.000000 0.004479
v 0.008941 0.000000 0.004479
v 0.008941 0.000000 0.004479
v 0.008941 0.000000 0.004479
v -0.010000 0.000000 0.000007
v -0.010000 0.000000 0.000007
v -0.010000 0.000000 0.000007
v -0.010000 0.000000 0.000007
v -0.010000 0.000000 0.000007
v -0.010000 0.000000 0.000007
v 0.000000 0.000000 0.010000
v 0.000000 0.000000 0.010000
v 0.000000 0.000000 0.010000
v 0.000000 0.000000 0.010000
v 0.000000 0.000000 0.010000
v 0.000000 0.000000 0.010000
v 0.009853 0.000000 0.001709
v 0.009853 0.000000 0.001709
v 0.009853 0.000000 0.001709
v 0.009853 0.000000 0.001709
v 0.009853 0.000000 0.001709
v 0.009853 0.000000 0.001709
v 0.008583 -0.000000 -0.005131
v 0.008583 -0.000000 -0.005131
v 0.008583 -0.000000 -0.005131
v 0.008583 -0.000000 -0.005131
v 0.008583 -0.000000 -0.005131
v 0.008583 -0.000000 -0.005131
v 0.009996 0.000000 -0.000275
v 0.009996 0.000000 -0.000275
v 0.009996 0.000000 -0.000275
v 0.009996 0.000000 -0.000275
v 0.009996 0.000000 -0.000275
v 0.009996 0.000000 -0.000275
v 0.000400 -0.000000 -0.009992
v 0.000400 -0.000000 -0.009992
v 0.000400 -0.000000 -0.009992
v 0.000400 -0.000000 -0.009992
v 0.000400 -0.000000 -0.009992
v 0.000400 -0.000000 -0.009992
v -0.001427 -0.000000 -0.009898
v -0.001427 -0.000000 -0.009898
v -0.001427 -0.000000 -0.009898
v -0.001427 -0.000000 -0.009898
v -0.001427 -0.000000 -0.009898
v -0.001427 -0.000000 -0.009898
v 0.000003 0.000000 0.010000
v 0.000003 0.000000 0.010000
v 0.000003 0.000000 0.010000
v 0.000003 0.000000 0.010000
v 0.000003 0.000000 0.010000
v 0.000003 0.000000 0.010000
v 0.009582 -0.000000 -0.002860
v 0.009582 -0.000000 -0.002860
v 0.009582 -0.000000 -0.002860
v 0.009582 0.000000 -0.002860
v 0.009582 0.000000 -0.002860
v 0.009582 0.000000 -0.002860
v 0.009248 0.000000 0.003805
v 0.009248 0.000000 0.003805
v 0.009248 0.000000 0.003805
v 0.009248 0.000000 0.003805
v 0.009248 0.000000 0.003805
v 0.009248 0.000000 0.003805
v -0.009978 0.000000 0.000666
v -0.009978 0.000000 0.000666
v -0.009978 0.000000 0.000666
v -0.009978 0.000000 0.000666
v -0.009978 0.000000 0.000666
v -0.009978 0.000000 0.000666
v 0.008169 0.000000 -0.005768
v 0.008169 0.000000 -0.005768
v 0.008169 0.000000 -0.005768
v 0.008169 0.000000 -0.005768
v 0.008169 0.000000 -0.005768
v 0.008169 0.000000 -0.005768
v -0.009999 -0.000000 -0.000133
v -0.009999 -0.000000 -0.000133
v -0.009999 -0.000000 -0.000133
v -0.009999 -0.000000 -0.000133
v -0.009999 -0.000000 -0.000133
v -0.009999 -0.000000 -0.000133
v 0.009766 0.000000 -0.002153
v 0.009766 0.000000 -0.002153
v 0.009766 0.000000 -0.002153
v 0.009766 0.000000 -0.002153
v 0.009766 0.000000 -0.002153
v 0.009766 0.000000 -0.002153
v -0.008957 0.000000 0.004446
v -0.008957 0.000000 0.004446
v -0.008957 0.000000 0.004446
v -0.008957 0.000000 0.004446
v -0.008957 0.000000 0.004446
v -0.008957 0.000000 0.004446
v -0.003508 -0.000000 -0.009365
v -0.003508 -0.000000 -0.009365
v -0.003508 -0.000000 -0.009365
v -0.003508 -0.000000 -0.009365
v -0.003508 -0.000000 -0.009365
v -0.003508 -0.000000 -0.009365
v -0.001482 0.000000 0.009890
v -0.001482 0.000000 0.009890
v -0.001482 0.000000 0.009890
v -0.001482 0.000000 0.009890
v -0.001482 0.000000 0.009890
v -0.001482 0.000000 0.009890
v 0.010000 0.000000 0.000082
v 0.010000 0.000000 0.000082
v 0.010000 0.000000 0.000082
v 0.010000 0.000000 0.000082
v 0.010000 0.000000 0.000082
v 0.010000 0.000000 0.000082
v -0.000525 0.000000 0.009986
v -0.000525 0.000000 0.009986
v -0.000525 0.000000 0.009986
v -0.000525 0.000000 0.009986
v -0.000525 0.000000 0.009986
v -0.000525 0.000000 0.009986
v 0.009931 0.000000 0.001177
v 0.009931 0.000000 0.001177
v 0.009931 0.000000 0.001177
v 0.009931 0.000000 0.001177
v 0.009931 0.000000 0.001177
v 0.009931 0.000000 0.001177
v -0.010000 -0.000000 0.000000
v -0.010000 -0.000000 0.000000
v -0.010000 -0.000000 0.000000
v -0.010000 -0.000000 0.000000
v -0.010000 -0.000000 0.000000
v -0.010000 -0.000000 0.000000
v 0.001761 0.000000 0.009844
v 0.001761 0.000000 0.009844
v 0.001761 0.000000 0.009844
v 0.001761 0.000000 0.009844
v 0.001761 0.000000 0.009844
v 0.001761 0.000000 0.009844
v 0.000016 -0.000000 -0.010000
v 0.000016 -0.000000 -0.010000
v 0.000016 -0.000000 -0.010000
v 0.000016 -0.000000 -0.010000
v 0.000016 -0.000000 -0.010000
v 0.000016 -0.000000 -0.010000
v -0.009443 0.000000 0.003290
v -0.009443 0.000000 0.003290
v -0.009443 0.000000 0.003290
v -0.009443 0.000000 0.003290
v -0.009443 0.000000 0.003290
v -0.009443 0.000000 0.003290
v -0.009840 0.000000 0.001779
v -0.009840 0.000000 0.001779
v -0.009840 0.000000 0.001779
v -0.009840 0.000000 0.001779
v -0.009840 0.000000 0.001779
v -0.009840 0.000000 0.001779
v -0.000318 -0.000000 -0.009995
v -0.000318 -0.000000 -0.009995
v -0.000318 -0.000000 -0.009995
v -0.000318 -0.000000 -0.009995
v -0.000318 -0.000000 -0.009995
v -0.000318 -0.000000 -0.009995
v -0.009805 -0.000000 -0.001964
v -0.009805 -0.000000 -0.001964
v -0.009805 -0.000000 -0.001964
v -0.009805 -0.000000 -0.001965
v -0.009805 -0.000000 -0.001965
v -0.009805 -0.000000 -0.001965
v -0.000046 0.000000 0.010000
v -0.000046 0.000000 0.010000
v -0.000046 0.000000 0.010000
v -0.000046 0.000000 0.010000
v -0.000046 0.000000 0.010000
v -0.000046 0.000000 0.010000
v 0.000098 0.000000 0.010000
v 0.000098 0.000000 0.010000
v 0.000098 0.000000 0.010000
v 0.000098 0.000000 0.010000
v 0.000098 0.000000 0.010000
v 0.000098 0.000000 0.010000
v 0.001197 0.000000 0.009928
v 0.001197 0.000000 0.009928
v 0.001197 0.000000 0.009928
v 0.001197 0.000000 0.009928
v 0.001197 0.000000 0.009928
v 0.001197 0.000000 0.009928
v -0.009998 -0.000000 -0.000183
v -0.009998 -0.000000 -0.000183
v -0.009998 -0.000000 -0.000183
v -0.009998 -0.000000 -0.000183
v -0.009998 -0.000000 -0.000183
v -0.009998 -0.000000 -0.000183
v -0.008949 -0.000000 -0.004462
v -0.008949 -0.000000 -0.004462
v -0.008949 -0.000000 -0.004462
v -0.008949 -0.000000 -0.004462
v -0.008949 -0.000000 -0.004462
v -0.008949 -0.000000 -0.004462
v 0.008617 0.000000 0.005075
v 0.008617 0.000000 0.005075
v 0.008617 0.000000 0.005075
v 0.008617 0.000000 0.005075
v 0.008617 0.000000 0.005075
v 0.008617 0.000000 0.005075
v -0.009998 0.000000 0.000215
v -0.009998 0.000000 0.000215
v -0.009998 0.000000 0.000215
v -0.009998 0.000000 0.000215
v -0.009998 0.000000 0.000215
v -0.009998 0.000000 0.000215
v -0.000666 0.000000 0.009978
v -0.000666 0.000000 0.009978
v -0.000666 0.000000 0.009978
v -0.000666 0.000000 0.009978
v -0.000666 0.000000 0.009978
v -0.000666 0.000000 0.009978
v 0.009386 -0.000000 -0.003450
v 0.009386 -0.000000 -0.003450
v 0.009386 -0.000000 -0.003450
v 0.009386 -0.000000 -0.003450
v 0.009386 -0.000000 -0.003450
v 0.009386 -0.000000 -0.003450
v -0.000972 -0.000000 -0.009953
v -0.000972 -0.000000 -0.009953
v -0.000972 -0.000000 -0.009953
v -0.000972 -0.000000 -0.009953
v -0.000972 -0.000000 -0.009953
v -0.000972 -0.000000 -0.009953
v 0.000262 0.000000 0.009997
v 0.000262 0.000000 0.009997
v 0.000262 0.000000 0.009997
v 0.000262 0.000000 0.009997
v 0.000262 0.000000 0.009997
v 0.000262 0.000000 0.009997
v -0.002242 0.000000 0.009745
v -0.002242 0.000000 0.009745
v -0.002242 0.000000 0.009745
v -0.002242 0.000000 0.009745
v -0.002242 0.000000 0.009745
v -0.002242 0.000000 0.009745
v -0.002636 -0.000000 -0.009646
v -0.002636 -0.000000 -0.009646
v -0.002636 -0.000000 -0.009646
v -0.002636 -0.000000 -0.009646
v -0.002636 -0.000000 -0.009646
v -0.002636 -0.000000 -0.009646
v 0.010000 -0.000000 0.000061
v 0.010000 -0.000000 0.000061
v 0.010000 -0.000000 0.000061
v 0.010000 0.000000 0.000061
v 0.010000 0.000000 0.000061
v 0.010000 0.000000 0.000061
v -0.009998 -0.000000 -0.000194
v -0.009998 -0.000000 -0.000194
v -0.009998 -0.000000 -0.000194
v -0.009998 -0.000000 -0.000194
v -0.009998 -0.000000 -0.000194
v -0.009998 -0.000000 -0.000194
v 0.010000 -0.000000 -0.000024
v 0.010000 -0.000000 -0.000024
v 0.010000 -0.000000 -0.000024
v 0.010000 -0.000000 -0.000024
v 0.010000 -0.000000 -0.000024
v 0.010000 -0.000000 -0.000024
v -0.006265 -0.000000 -0.007794
v -0.006265 -0.000000 -0.007794
v -0.006265 -0.000000 -0.007794
v -0.006265 -0.000000 -0.007794
v -0.006265 -0.000000 -0.007794
v -0.006265 -0.000000 -0.007794
v -0.009917 0.000000 0.001285
v -0.009917 0.000000 0.001285
v -0.009917 0.000000 0.001285
v -0.009917 0.000000 0.001285
v -0.009917 0.000000 0.001285
v -0.009917 0.000000 0.001285
v 0.009941 0.000000 0.001085
v 0.009941 0.000000 0.001085
v 0.009941 0.000000 0.001085
v 0.009941 0.000000 0.001085
v 0.009941 0.000000 0.001085
v 0.009941 0.000000 0.001085
v 0.000112 0.000000 0.009999
v 0.000112 0.000000 0.009999
v 0.000112 0.000000 0.009999
v 0.000112 0.000000 0.009999
v 0.000112 0.000000 0.009999
v 0.000112 0.000000 0.009999
v 0.000357 -0.000000 -0.009994
v 0.000357 -0.000000 -0.009994
v 0.000357 -0.000000 -0.009994
v 0.000357 -0.000000 -0.009994
v 0.000357 -0.000000 -0.009994
v 0.000357 -0.000000 -0.009994
v 0.002030 0.000000 0.009792
v 0.002030 0.000000 0.009792
v 0.002030 0.000000 0.009792
v 0.002030 0.000000 0.009792
v 0.002030 0.000000 0.009792
v 0.002030 0.000000 0.009792
v -0.009835 0.000000 0.001809
v -0.009835 0.000000 0.001809
v -0.009835 0.000000 0.001809
v -0.009835 0.000000 0.001809
v -0.009835 0.000000 0.001809
v -0.009835 0.000000 0.001809
v 0.009284 0.000000 0.003716
v 0.009284 0.000000 0.003716
v 0.009284 0.000000 0.003716
v 0.009284 0.000000 0.003716
v 0.009284 0.000000 0.003716
v 0.009284 0.000000 0.003716
v -0.000488 0.000000 0.009988
v -0.000488 0.000000 0.009988
v -0.000488 0.000000 0.009988
v -0.000488 0.000000 0.009988
v -0.000488 0.000000 0.009988
v -0.000488 0.000000 0.009988
v 0.009970 0.000000 0.000776
v 0.009970 0.000000 0.000776
v 0.009970 0.000000 0.000776
v 0.009970 0.000000 0.000776
v 0.009970 0.000000 0.000776
v 0.009970 0.000000 0.000776
v -0.010000 0.000000 0.000039
v -0.010000 0.000000 0.000039
v -0.010000 0.000000 0.000039
v -0.010000 0.000000 0.000039
v -0.010000 0.000000 0.000039
v -0.010000 0.000000 0.000039
v -0.010000 -0.000000 -0.000086
v -0.010000 -0.000000 -0.000086
v -0.010000 -0.000000 -0.000086
v -0.010000 -0.000000 -0.000086
v -0.010000 -0.000000 -0.000086
v -0.010000 -0.000000 -0.000086
v 0.003066 -0.000000 -0.009518
v 0.003066 -0.000000 -0.009518
v 0.003066 -0.000000 -0.009518
v 0.003066 -0.000000 -0.009518
v 0.003066 -0.000000 -0.009518
v 0.003066 -0.000000 -0.009518
v -0.010000 0.000000 0.000000
v -0.010000 0.000000 0.000000
v -0.010000 0.000000 0.000000
v -0.010000 0.000000 0.000000
v -0.010000 0.000000 0.000000
v -0.010000 0.000000 0.000000
v 0.004854 -0.000000 -0.008743
v 0.004854 -0.000000 -0.008743
v 0.004854 -0.000000 -0.008743
v 0.004854 -0.000000 -0.008743
v 0.004854 -0.000000 -0.008743
v 0.004854 -0.000000 -0.008743
v 0.009423 0.000000 0.003347
v 0.009423 0.000000 0.003347
v 0.009423 0.000000 0.003347
v 0.009423 0.000000 0.003347
v 0.009423 0.000000 0.003347
v 0.009423 0.000000 0.003347
v -0.001257 -0.000000 -0.009921
v -0.001257 -0.000000 -0.009921
v -0.001257 -0.000000 -0.009921
v -0.001257 -0.000000 -0.009921
v -0.001257 -0.000000 -0.009921
v -0.001257 -0.000000 -0.009921
v 0.000731 0.000000 0.009973
v 0.000731 0.000000 0.009973
v 0.000731 0.000000 0.009973
v 0.000731 0.000000 0.009973
v 0.000731 0.000000 0.009973
v 0.000731 0.000000 0.009973
v -0.000947 0.000000 0.009955
v -0.000947 0.000000 0.009955
v -0.000947 0.000000 0.009955
v -0.000947 0.000000 0.009955
v -0.000947 0.000000 0.009955
v -0.000947 0.000000 0.009955
v 0.010000 0.000000 -0.000008
v 0.010000 0.000000 -0.000008
v 0.010000 0.000000 -0.000008
v 0.010000 -0.000000 -0.000008
v 0.010000 -0.000000 -0.000008
v 0.010000 -0.000000 -0.000008
v -0.010000 -0.000000 -0.000083
v -0.010000 -0.000000 -0.000083
v -0.010000 -0.000000 -0.000083
v -0.010000 -0.000000 -0.000083
v -0.010000 -0.000000 -0.000083
v -0.010000 -0.000000 -0.000083
v -0.009988 0.000000 0.000494
v -0.009988 0.000000 0.000494
v -0.009988 0.000000 0.000494
v -0.009988 0.000000 0.000494
v -0.009988 0.000000 0.000494
v -0.009988 0.000000 0.000494
v 0.000050 -0.000000 -0.010000
v 0.000050 -0.000000 -0.010000
v 0.000050 -0.000000 -0.010000
v 0.000050 -0.000000 -0.010000
v 0.000050 -0.000000 -0.010000
v 0.000050 -0.000000 -0.010000
v -0.010000 0.000000 0.000022
v -0.010000 0.000000 0.000022
v -0.010000 0.000000 0.000022
v -0.010000 0.000000 0.000022
v -0.010000 0.000000 0.000022
v -0.010000 0.000000 0.000022
v 0.000714 0.000000 0.009974
v 0.000714 0.000000 0.009974
v 0.000714 0.000000 0.009974
v 0.000492 0.000010 0.009988
v 0.000492 0.000010 0.009988
v 0.000492 0.000010 0.009988
v -0.005291 -0.000000 -0.008486
v -0.005291 -0.000000 -0.008486
v -0.005291 -0.000000 -0.008486
v -0.005291 -0.000000 -0.008486
v -0.005291 -0.000000 -0.008486
v -0.005291 -0.000000 -0.008486
v 0.010000 0.000000 0.000020
v 0.010000 0.000000 0.000020
v 0.010000 0.000000 0.000020
v 0.009600 0.000202 0.002793
v 0.009600 0.000202 0.002793
v 0.009600 0.000202 0.002793
v 0.009999 0.000000 0.000143
v 0.009999 0.000000 0.000143
v 0.009999 0.000000 0.000143
v 0.009999 0.000000 0.000143
v 0.009999 0.000000 0.000143
v 0.009999 0.000000 0.000143
v -0.009959 -0.000000 -0.000900
v -0.009959 -0.000000 -0.000900
v -0.009959 -0.000000 -0.000900
v -0.009959 -0.000000 -0.000900
v -0.009959 -0.000000 -0.000900
v -0.009959 -0.000000 -0.000900
v 0.000747 -0.000000 -0.009972
v 0.000747 -0.000000 -0.009972
v 0.000747 -0.000000 -0.009972
v 0.000747 -0.000000 -0.009972
v 0.000747 -0.000000 -0.009972
v 0.000747 -0.000000 -0.009972
v -0.000596 -0.000000 -0.009982
v -0.000596 -0.000000 -0.009982
v -0.000596 -0.000000 -0.009982
v -0.000596 -0.000000 -0.009982
v -0.000596 -0.000000 -0.009982
v -0.000596 -0.000000 -0.009982
v -0.001160 -0.000000 -0.009932
v -0.001160 -0.000000 -0.009932
v -0.001160 -0.000000 -0.009932
v -0.001160 -0.000000 -0.009932
v -0.001160 -0.000000 -0.009932
v -0.001160 -0.000000 -0.009932
v 0.002987 -0.000000 -0.009543
v 0.002987 -0.000000 -0.009543
v 0.002987 -0.000000 -0.009543
v 0.002987 -0.000000 -0.009543
v 0.002987 -0.000000 -0.009543
v 0.002987 -0.000000 -0.009543
v -0.003532 -0.000000 -0.009356
v -0.003532 -0.000000 -0.009356
v -0.003532 -0.000000 -0.009356
v -0.003532 -0.000000 -0.009356
v -0.003532 -0.000000 -0.009356
v -0.003532 -0.000000 -0.009356
v -0.000061 -0.000000 -0.010000
v -0.000061 -0.000000 -0.010000
v -0.000061 -0.000000 -0.010000
v -0.000061 -0.000000 -0.010000
v -0.000061 -0.000000 -0.010000
v -0.000061 -0.000000 -0.010000
v -0.007912 -0.000000 -0.006116
v -0.007912 -0.000000 -0.006116
v -0.007912 -0.000000 -0.006116
v -0.007912 -0.000000 -0.006116
v -0.007912 -0.000000 -0.006116
v -0.007912 -0.000000 -0.006116
v -0.009045 -0.000000 -0.004265
v -0.009045 -0.000000 -0.004265
v -0.009045 -0.000000 -0.004265
v -0.009045 -0.000000 -0.004265
v -0.009045 -0.000000 -0.004265
v -0.009045 -0.000000 -0.004265
v 0.009498 -0.000000 -0.003128
v 0.009498 -0.000000 -0.003128
v 0.009498 -0.000000 -0.003128
v 0.009498 -0.000000 -0.003128
v 0.009498 -0.000000 -0.003128
v 0.009498 -0.000000 -0.003128
v -0.009404 -0.000000 -0.003400
v -0.009404 -0.000000 -0.003400
v -0.009404 -0.000000 -0.003400
v -0.009404 -0.000000 -0.003400
v -0.009404 -0.000000 -0.003400
v -0.009404 -0.000000 -0.003400
v -0.009971 -0.000000 -0.000755
v -0.009971 -0.000000 -0.000755
v -0.009971 -0.000000 -0.000755
v -0.009971 -0.000000 -0.000755
v -0.009971 -0.000000 -0.000755
v -0.009971 -0.000000 -0.000755
v 0.003933 0.000000 0.009194
v 0.003933 0.000000 0.009194
v 0.003933 0.000000 0.009194
v 0.003933 0.000000 0.009194
v 0.003933 0.000000 0.009194
v 0.003933 0.000000 0.009194
v 0.003474 0.000000 0.009377
v 0.003474 0.000000 0.009377
v 0.003474 0.000000 0.009377
v 0.003474 0.000000 0.009377
v 0.003474 0.000000 0.009377
v 0.003474 0.000000 0.009377
v 0.010000 -0.000000 -0.000014
v 0.010000 -0.000000 -0.000014
v 0.010000 -0.000000 -0.000014
v 0.010000 0.000000 -0.000014
v 0.010000 0.000000 -0.000014
v 0.010000 0.000000 -0.000014
v 0.001585 -0.000000 -0.009874
v 0.001585 -0.000000 -0.009874
v 0.001585 -0.000000 -0.009874
v 0.001585 -0.000000 -0.009874
v 0.001585 -0.000000 -0.009874
v 0.001585 -0.000000 -0.009874
v 0.001349 0.000000 0.009909
v 0.001349 0.000000 0.009909
v 0.001349 0.000000 0.009909
v 0.001349 0.000000 0.009909
v 0.001349 0.000000 0.009909
v 0.001349 0.000000 0.009909
v 0.000130 0.000000 0.009999
v 0.000130 0.000000 0.009999
v 0.000130 0.000000 0.009999
v 0.000130 0.000000 0.009999
v 0.000130 0.000000 0.009999
v 0.000130 0.000000 0.009999
v 0.009974 -0.000000 0.000717
v 0.009974 -0.000000 0.000717
v 0.009974 -0.000000 0.000717
v 0.009974 -0.000000 0.000717
v 0.009974 -0.000000 0.000717
v 0.009974 -0.000000 0.000717
v -0.009942 -0.000000 0.001075
v -0.009942 -0.000000 0.001075
v -0.009942 -0.000000 0.001075
v -0.009942 0.000000 0.001075
v -0.009942 0.000000 0.001075
v -0.009942 0.000000 0.001075
v 0.003081 -0.000000 -0.009514
v 0.003081 -0.000000 -0.009514
v 0.003081 -0.000000 -0.009514
v 0.003081 -0.000000 -0.009514
v 0.003081 -0.000000 -0.009514
v 0.003081 -0.000000 -0.009514
v 0.006334 -0.000000 -0.007738
v 0.006334 -0.000000 -0.007738
v 0.006334 -0.000000 -0.007738
v 0.006334 -0.000000 -0.007738
v 0.006334 -0.000000 -0.007738
v 0.006334 -0.000000 -0.007738
v -0.003313 -0.000000 -0.009435
v -0.003313 -0.000000 -0.009435
v -0.003313 -0.000000 -0.009435
v -0.003313 -0.000000 -0.009435
v -0.003313 -0.000000 -0.009435
v -0.003313 -0.000000 -0.009435
v -0.002924 0.000000 0.009563
v -0.002924 0.000000 0.009563
v -0.002924 0.000000 0.009563
v -0.002924 0.000000 0.009563
v -0.002924 0.000000 0.009563
v -0.002924 0.000000 0.009563
v 0.009995 -0.000000 -0.000307
v 0.009995 -0.000000 -0.000307
v 0.009995 -0.000000 -0.000307
v 0.009995 0.000000 -0.000307
v 0.009995 0.000000 -0.000307
v 0.009995 0.000000 -0.000307
v 0.009395 -0.000000 -0.003424
v 0.009395 -0.000000 -0.003424
v 0.009395 -0.000000 -0.003424
v 0.009395 -0.000000 -0.003424
v 0.009395 -0.000000 -0.003424
v 0.009395 -0.000000 -0.003424
v -3.206157 1.267021 -26.328671
v -3.206156 1.267021 -23.200001
v -2.935984 1.267021 -26.505800
v -2.935982 1.267021 -23.200001
v -2.935984 1.267021 -26.505800
v -3.206156 1.267021 -23.200001
v -3.206157 -0.000003 -26.328671
v -3.206156 -0.000003 -23.200001
v -3.206157 1.267021 -26.328671
v -3.206156 1.267021 -23.200001
v -3.206157 1.267021 -26.328671
v -3.206156 -0.000003 -23.200001
v -7.201097 -0.000004 -29.154858
v -7.195339 -0.000004 -28.874498
v -7.201097 1.267021 -29.154858
v -7.195339 1.267021 -28.874498
v -7.201097 1.267021 -29.154858
v -7.195339 -0.000004 -28.874498
v -2.935982 -0.000003 -23.200001
v -2.935984 -0.000003 -26.505800
v -2.935982 1.267021 -23.200001
v -2.935984 1.267021 -26.505800
v -2.935982 1.267021 -23.200001
v -2.935984 -0.000003 -26.505800
v -3.206156 -0.000003 -23.200001
v -2.935982 -0.000003 -23.200001
v -3.206156 1.267021 -23.200001
v -2.935982 1.267021 -23.200001
v -3.206156 1.267021 -23.200001
v -2.935982 -0.000003 -23.200001
v -3.206157 1.267021 -26.328671
v -2.935984 1.267021 -26.505800
v -4.074036 1.267021 -27.741030
v -3.907164 1.267021 -28.021400
v -4.074036 1.267021 -27.741030
v -2.935984 1.267021 -26.505800
v -3.206157 -0.000003 -26.328671
v -3.206157 1.267021 -26.328671
v -4.074036 -0.000003 -27.741030
v -4.074036 1.267021 -27.741030
v -4.074036 -0.000003 -27.741030
v -3.206157 1.267021 -26.328671
v -2.935984 1.267021 -26.505800
v -2.935984 -0.000003 -26.505800
v -3.907164 1.267021 -28.021400
v -3.907164 -0.000003 -28.021400
v -3.907164 1.267021 -28.021400
v -2.935984 -0.000003 -26.505800
v -3.907164 1.267021 -28.021400
v -3.907164 -0.000003 -28.021400
v -5.319921 1.267021 -29.165609
v -5.319921 -0.000004 -29.165609
v -5.319921 1.267021 -29.165609
v -3.907164 -0.000003 -28.021400
v -4.074036 1.267021 -27.741030
v -3.907164 1.267021 -28.021400
v -5.486794 1.267021 -28.885241
v -5.319921 1.267021 -29.165609
v -5.486794 1.267021 -28.885241
v -3.907164 1.267021 -28.021400
v -4.074036 -0.000003 -27.741030
v -4.074036 1.267021 -27.741030
v -5.486794 -0.000004 -28.885241
v -5.486794 1.267021 -28.885241
v -5.486794 -0.000004 -28.885241
v -4.074036 1.267021 -27.741030
v -5.319921 1.267021 -29.165609
v -5.319921 -0.000004 -29.165609
v -7.201097 1.267021 -29.154858
v -7.201097 -0.000004 -29.154858
v -7.201097 1.267021 -29.154858
v -5.319921 -0.000004 -29.165609
v -5.486794 1.267021 -28.885241
v -5.319921 1.267021 -29.165609
v -7.195339 1.267021 -28.874498
v -7.201097 1.267021 -29.154858
v -7.195339 1.267021 -28.874498
v -5.319921 1.267021 -29.165609
v -5.486794 -0.000004 -28.885241
v -5.486794 1.267021 -28.885241
v -7.195339 -0.000004 -28.874498
v -7.195339 1.267021 -28.874498
v -7.195339 -0.000004 -28.874498
v -5.486794 1.267021 -28.885241
v -14.793854 1.267021 -23.199999
v -14.793854 1.267021 -26.328669
v -15.064024 1.267021 -26.505798
v -15.064024 1.267021 -26.505798
v -15.064024 1.267021 -23.199999
v -14.793854 1.267021 -23.199999
v -14.793854 -0.000003 -23.199999
v -14.793854 -0.000003 -26.328669
v -14.793854 1.267021 -26.328669
v -14.793854 1.267021 -26.328669
v -14.793854 1.267021 -23.199999
v -14.793854 -0.000003 -23.199999
v -10.804675 -0.000004 -28.874498
v -10.798915 -0.000004 -29.154858
v -10.798915 1.267021 -29.154858
v -10.798915 1.267021 -29.154858
v -10.804675 1.267021 -28.874498
v -10.804675 -0.000004 -28.874498
v -15.064024 -0.000003 -26.505798
v -15.064024 -0.000003 -23.199999
v -15.064024 1.267021 -23.199999
v -15.064024 1.267021 -23.199999
v -15.064024 1.267021 -26.505798
v -15.064024 -0.000003 -26.505798
v -15.064024 -0.000003 -23.199999
v -14.793854 -0.000003 -23.199999
v -14.793854 1.267021 -23.199999
v -14.793854 1.267021 -23.199999
v -15.064024 1.267021 -23.199999
v -15.064024 -0.000003 -23.199999
v -15.064024 1.267021 -26.505798
v -14.793854 1.267021 -26.328669
v -13.925974 1.267021 -27.741028
v -13.925974 1.267021 -27.741028
v -14.092844 1.267021 -28.021399
v -15.064024 1.267021 -26.505798
v -14.793854 1.267021 -26.328669
v -14.793854 -0.000003 -26.328669
v -13.925974 -0.000003 -27.741028
v -13.925974 -0.000003 -27.741028
v -13.925974 1.267021 -27.741028
v -14.793854 1.267021 -26.328669
v -15.064024 -0.000003 -26.505798
v -15.064024 1.267021 -26.505798
v -14.092844 1.267021 -28.021399
v -14.092844 1.267021 -28.021399
v -14.092844 -0.000003 -28.021399
v -15.064024 -0.000003 -26.505798
v -14.092844 -0.000003 -28.021399
v -14.092844 1.267021 -28.021399
v -12.680085 1.267021 -29.165607
v -12.680085 1.267021 -29.165607
v -12.680085 -0.000004 -29.165607
v -14.092844 -0.000003 -28.021399
v -14.092844 1.267021 -28.021399
v -13.925974 1.267021 -27.741028
v -12.513215 1.267021 -28.885239
v -12.513215 1.267021 -28.885239
v -12.680085 1.267021 -29.165607
v -14.092844 1.267021 -28.021399
v -13.925974 1.267021 -27.741028
v -13.925974 -0.000003 -27.741028
v -12.513215 -0.000004 -28.885239
v -12.513215 -0.000004 -28.885239
v -12.513215 1.267021 -28.885239
v -13.925974 1.267021 -27.741028
v -12.680085 -0.000004 -29.165607
v -12.680085 1.267021 -29.165607
v -10.798915 1.267021 -29.154858
v -10.798915 1.267021 -29.154858
v -10.798915 -0.000004 -29.154858
v -12.680085 -0.000004 -29.165607
v -12.680085 1.267021 -29.165607
v -12.513215 1.267021 -28.885239
v -10.804675 1.267021 -28.874498
v -10.804675 1.267021 -28.874498
v -10.798915 1.267021 -29.154858
v -12.680085 1.267021 -29.165607
v -12.513215 1.267021 -28.885239
v -12.513215 -0.000004 -28.885239
v -10.804675 -0.000004 -28.874498
v -10.804675 -0.000004 -28.874498
v -10.804675 1.267021 -28.874498
v -12.513215 1.267021 -28.885239
v -7.009560 4.904793 -18.864399
v -8.034867 4.904793 -20.822687
v -10.019672 4.904793 -21.451649
v -10.019672 4.904793 -21.451649
v -11.147492 4.904793 -18.864399
v -7.009560 4.904793 -18.864399
v -1.312645 -0.000003 -21.254850
v -3.035937 -0.000003 -23.916491
v -4.899965 4.904793 -21.913130
v -4.899965 4.904793 -21.913130
v -3.394222 4.904793 -20.873430
v -1.312645 -0.000003 -21.254850
v -8.099168 -0.000003 -21.546478
v -10.381154 -0.000003 -22.351559
v -10.019672 4.904793 -21.451649
v -10.019672 4.904793 -21.451649
v -8.034867 4.904793 -20.822687
v -8.099168 -0.000003 -21.546478
v -15.214304 -0.000003 -24.153177
v -16.589973 -0.000003 -21.204088
v -14.562473 4.904793 -20.853598
v -14.562473 4.904793 -20.853598
v -13.298833 4.904792 -22.005589
v -15.214304 -0.000003 -24.153177
v -12.094843 -0.000002 -16.209518
v -6.094845 -0.000002 -16.209520
v -7.009560 4.904793 -18.864399
v -7.009560 4.904793 -18.864399
v -11.147492 4.904793 -18.864399
v -12.094843 -0.000002 -16.209518
v -8.034867 4.904793 -20.822687
v -7.009560 4.904793 -18.864399
v -4.317485 4.904793 -19.887760
v -4.317485 4.904793 -19.887760
v -6.848732 4.904793 -21.562769
v -8.034867 4.904793 -20.822687
v -11.147492 4.904793 -18.864399
v -10.019672 4.904793 -21.451649
v -11.241693 4.904793 -21.575699
v -11.241693 4.904793 -21.575699
v -13.722873 4.904793 -19.899338
v -11.147492 4.904793 -18.864399
v -8.099168 -0.000003 -21.546478
v -8.034867 4.904793 -20.822687
v -6.848732 4.904793 -21.562769
v -6.848732 4.904793 -21.562769
v -5.861647 -0.000003 -23.019581
v -8.099168 -0.000003 -21.546478
v -7.009560 4.904793 -18.864399
v -6.094845 -0.000002 -16.209520
v -2.575599 -0.000002 -18.731529
v -2.575599 -0.000002 -18.731529
v -4.317485 4.904793 -19.887760
v -7.009560 4.904793 -18.864399
v -10.019672 4.904793 -21.451649
v -10.381154 -0.000003 -22.351559
v -12.231443 -0.000003 -23.052677
v -12.231443 -0.000003 -23.052677
v -11.241693 4.904793 -21.575699
v -10.019672 4.904793 -21.451649
v -12.094843 -0.000002 -16.209518
v -11.147492 4.904793 -18.864399
v -13.722873 4.904793 -19.899338
v -13.722873 4.904793 -19.899338
v -15.441463 -0.000002 -18.761189
v -12.094843 -0.000002 -16.209518
v -5.861647 -0.000003 -23.019581
v -6.848732 4.904793 -21.562769
v -4.899965 4.904793 -21.913130
v -4.899965 4.904793 -21.913130
v -3.035937 -0.000003 -23.916491
v -5.861647 -0.000003 -23.019581
v -6.848732 4.904793 -21.562769
v -4.317485 4.904793 -19.887760
v -3.394222 4.904793 -20.873430
v -3.394222 4.904793 -20.873430
v -4.899965 4.904793 -21.913130
v -6.848732 4.904793 -21.562769
v -4.317485 4.904793 -19.887760
v -2.575599 -0.000002 -18.731529
v -1.312645 -0.000003 -21.254850
v -1.312645 -0.000003 -21.254850
v -3.394222 4.904793 -20.873430
v -4.317485 4.904793 -19.887760
v -15.441463 -0.000002 -18.761189
v -13.722873 4.904793 -19.899338
v -14.562473 4.904793 -20.853598
v -14.562473 4.904793 -20.853598
v -16.589973 -0.000003 -21.204088
v -15.441463 -0.000002 -18.761189
v -13.722873 4.904793 -19.899338
v -11.241693 4.904793 -21.575699
v -13.298833 4.904792 -22.005589
v -13.298833 4.904792 -22.005589
v -14.562473 4.904793 -20.853598
v -13.722873 4.904793 -19.899338
v -11.241693 4.904793 -21.575699
v -12.231443 -0.000003 -23.052677
v -15.214304 -0.000003 -24.153177
v -15.214304 -0.000003 -24.153177
v -13.298833 4.904792 -22.005589
v -11.241693 4.904793 -21.575699
v 4.693875 0.000003 24.428560
v 4.537201 0.000003 28.208990
v 4.537201 2.000003 28.208990
v 4.537201 2.000003 28.208990
v 4.693875 2.000003 24.428560
v 4.693875 0.000003 24.428560
v 2.229544 0.000005 39.008221
v 4.634262 0.000005 38.995560
v 4.634262 2.000005 38.995560
v 4.634262 2.000005 38.995560
v 2.229544 2.000005 39.008221
v 2.229544 0.000005 39.008221
v 16.968405 0.000005 38.478355
v 23.391626 0.000004 35.733616
v 23.391626 2.000004 35.733616
v 23.391626 2.000004 35.733616
v 16.968405 2.000005 38.478355
v 16.968405 0.000005 38.478355
v 23.391626 0.000004 35.733616
v 24.256235 0.000004 32.135365
v 24.256235 2.000004 32.135365
v 24.256235 2.000004 32.135365
v 23.391626 2.000004 35.733616
v 23.391626 0.000004 35.733616
v 2.229544 0.000005 39.008221
v 2.229544 2.000005 39.008221
v -0.172107 2.000005 37.813339
v -0.172107 2.000005 37.813339
v -0.172107 0.000005 37.813339
v 2.229544 0.000005 39.008221
v 13.691943 2.000002 19.355047
v 13.691943 0.000002 19.355047
v 12.662103 0.000003 21.330778
v 12.662103 0.000003 21.330778
v 12.662103 2.000003 21.330778
v 13.691943 2.000002 19.355047
v 4.537201 2.000003 28.208990
v 4.537201 0.000003 28.208990
v 0.767646 0.000003 28.124550
v 0.767646 0.000003 28.124550
v 0.767646 2.000003 28.124550
v 4.537201 2.000003 28.208990
v 16.968405 0.000005 38.478355
v 16.968405 2.000005 38.478355
v 14.571646 2.000005 38.221035
v 14.571646 2.000005 38.221035
v 14.571646 0.000005 38.221035
v 16.968405 0.000005 38.478355
v 14.571646 0.000005 38.221035
v 14.571646 2.000005 38.221035
v 13.116046 2.000004 34.878426
v 13.116046 2.000004 34.878426
v 13.116046 0.000004 34.878426
v 14.571646 0.000005 38.221035
v 0.767646 2.000003 28.124550
v 0.767646 0.000003 28.124550
v 0.073341 0.000003 29.232861
v 0.073341 0.000003 29.232861
v 0.073341 2.000004 29.232861
v 0.767646 2.000003 28.124550
v 13.116046 0.000004 34.878426
v 13.116046 2.000004 34.878426
v 4.457829 2.000005 37.794731
v 4.457829 2.000005 37.794731
v 4.457829 0.000005 37.794731
v 13.116046 0.000004 34.878426
v 0.073341 2.000004 29.232861
v 0.073341 0.000003 29.232861
v 1.707918 0.000004 30.605230
v 1.707918 0.000004 30.605230
v 1.707918 2.000004 30.605230
v 0.073341 2.000004 29.232861
v 4.457829 0.000005 37.794731
v 4.457829 2.000005 37.794731
v 4.634262 2.000005 38.995560
v 4.634262 2.000005 38.995560
v 4.634262 0.000005 38.995560
v 4.457829 0.000005 37.794731
v 1.707918 2.000004 30.605230
v 1.707918 0.000004 30.605230
v 0.599125 0.000004 33.610519
v 0.599125 0.000004 33.610519
v 0.599125 2.000004 33.610519
v 1.707918 2.000004 30.605230
v 12.662103 2.000003 21.330778
v 12.662103 0.000003 21.330778
v 11.459013 0.000003 21.336609
v 11.459013 0.000003 21.336609
v 11.459013 2.000003 21.336609
v 12.662103 2.000003 21.330778
v -0.172107 0.000005 37.813339
v -0.172107 2.000005 37.813339
v 0.599125 2.000004 33.610519
v 0.599125 2.000004 33.610519
v 0.599125 0.000004 33.610519
v -0.172107 0.000005 37.813339
v 4.693875 0.000003 24.428560
v 4.693875 2.000003 24.428560
v 5.890781 2.000002 20.823641
v 5.890781 2.000002 20.823641
v 5.890781 0.000002 20.823641
v 4.693875 0.000003 24.428560
v 17.666695 2.000003 27.702599
v 17.666695 0.000003 27.702599
v 17.149834 0.000003 27.110098
v 17.149834 0.000003 27.110098
v 17.149834 2.000003 27.110098
v 17.666695 2.000003 27.702599
v 15.245634 2.000003 23.043287
v 15.245634 0.000003 23.043287
v 14.383023 0.000002 19.783909
v 14.383023 0.000002 19.783909
v 14.383023 2.000002 19.783909
v 15.245634 2.000003 23.043287
v 5.890781 0.000002 20.823641
v 5.890781 2.000002 20.823641
v 10.348853 2.000002 19.449598
v 10.348853 2.000002 19.449598
v 10.348853 0.000002 19.449598
v 5.890781 0.000002 20.823641
v 14.383023 2.000002 19.783909
v 14.383023 0.000002 19.783909
v 13.691943 0.000002 19.355047
v 13.691943 0.000002 19.355047
v 13.691943 2.000002 19.355047
v 14.383023 2.000002 19.783909
v 10.348853 0.000002 19.449598
v 10.348853 2.000002 19.449598
v 11.459013 2.000003 21.336609
v 11.459013 2.000003 21.336609
v 11.459013 0.000003 21.336609
v 10.348853 0.000002 19.449598
v 24.256235 2.000004 32.135365
v 24.256235 0.000004 32.135365
v 22.284904 0.000004 29.742506
v 22.284904 0.000004 29.742506
v 22.284904 2.000004 29.742506
v 24.256235 2.000004 32.135365
v 15.245634 0.000003 23.043287
v 15.245634 2.000003 23.043287
v 17.914534 2.000003 26.065918
v 17.914534 2.000003 26.065918
v 17.914534 0.000003 26.065918
v 15.245634 0.000003 23.043287
v 22.284904 2.000004 29.742506
v 22.284904 0.000004 29.742506
v 17.666695 0.000003 27.702599
v 17.666695 0.000003 27.702599
v 17.666695 2.000003 27.702599
v 22.284904 2.000004 29.742506
v 17.914534 0.000003 26.065918
v 17.914534 2.000003 26.065918
v 17.149834 2.000003 27.110098
v 17.149834 2.000003 27.110098
v 17.149834 0.000003 27.110098
v 17.914534 0.000003 26.065918
v 15.245634 2.000003 23.043287
v 14.383023 2.000002 19.783909
v 13.691943 2.000002 19.355047
v 15.245634 2.000003 23.043287
v 13.691943 2.000002 19.355047
v 12.662103 2.000003 21.330778
v 11.459013 2.000003 21.336609
v 10.348853 2.000002 19.449598
v 5.890781 2.000002 20.823641
v 11.459013 2.000003 21.336609
v 5.890781 2.000002 20.823641
v 4.693875 2.000003 24.428560
v 23.391626 2.000004 35.733616
v 24.256235 2.000004 32.135365
v 22.284904 2.000004 29.742506
v 23.391626 2.000004 35.733616
v 22.284904 2.000004 29.742506
v 16.968405 2.000005 38.478355
v 16.968405 2.000005 38.478355
v 22.284904 2.000004 29.742506
v 17.666695 2.000003 27.702599
v 16.968405 2.000005 38.478355
v 17.666695 2.000003 27.702599
v 14.571646 2.000005 38.221035
v 17.666695 2.000003 27.702599
v 17.149834 2.000003 27.110098
v 13.116046 2.000004 34.878426
v 17.666695 2.000003 27.702599
v 13.116046 2.000004 34.878426
v 14.571646 2.000005 38.221035
v 17.149834 2.000003 27.110098
v 17.914534 2.000003 26.065918
v 15.245634 2.000003 23.043287
v 17.149834 2.000003 27.110098
v 15.245634 2.000003 23.043287
v 12.662103 2.000003 21.330778
v 17.149834 2.000003 27.110098
v 12.662103 2.000003 21.330778
v 11.459013 2.000003 21.336609
v 17.149834 2.000003 27.110098
v 11.459013 2.000003 21.336609
v 4.693875 2.000003 24.428560
v 13.116046 2.000004 34.878426
v 17.149834 2.000003 27.110098
v 4.693875 2.000003 24.428560
v 13.116046 2.000004 34.878426
v 4.693875 2.000003 24.428560
v 4.537201 2.000003 28.208990
v 1.707918 2.000004 30.605230
v 4.537201 2.000003 28.208990
v 0.767646 2.000003 28.124550
v 1.707918 2.000004 30.605230
v 0.767646 2.000003 28.124550
v 0.073341 2.000004 29.232861
v 4.634262 2.000005 38.995560
v 4.457829 2.000005 37.794731
v -0.172107 2.000005 37.813339
v 4.634262 2.000005 38.995560
v -0.172107 2.000005 37.813339
v 2.229544 2.000005 39.008221
v 4.457829 2.000005 37.794731
v 1.707918 2.000004 30.605230
v 0.599125 2.000004 33.610519
v 4.457829 2.000005 37.794731
v 0.599125 2.000004 33.610519
v -0.172107 2.000005 37.813339
v 4.457829 2.000005 37.794731
v 13.116046 2.000004 34.878426
v 4.537201 2.000003 28.208990
v 4.457829 2.000005 37.794731
v 4.537201 2.000003 28.208990
v 1.707918 2.000004 30.605230
v -0.000000 0.010000 -0.000000
v -0.000000 0.010000 -0.000000
v -0.000000 0.010000 -0.000000
v -0.000000 0.010000 -0.000000
v -0.000000 0.010000 -0.000000
v -0.000000 0.010000 -0.000000
v -0.010000 0.000000 0.000000
v -0.010000 0.000000 0.000000
v -0.010000 0.000000 0.000000
v -0.010000 0.000000 0.000000
v -0.010000 0.000000 0.000000
v -0.010000 0.000000 0.000000
v -0.009998 0.000000 0.000205
v -0.009998 0.000000 0.000205
v -0.009998 0.000000 0.000205
v -0.009998 0.000000 0.000205
v -0.009998 0.000000 0.000205
v -0.009998 0.000000 0.000205
v 0.010000 -0.000000 -0.000000
v 0.010000 -0.000000 -0.000000
v 0.010000 -0.000000 -0.000000
v 0.010000 -0.000000 -0.000000
v 0.010000 -0.000000 -0.000000
v 0.010000 -0.000000 -0.000000
v 0.000000 0.000000 0.010000
v 0.000000 0.000000 0.010000
v 0.000000 0.000000 0.010000
v 0.000000 0.000000 0.010000
v 0.000000 0.000000 0.010000
v 0.000000 0.000000 0.010000
v -0.000000 0.010000 -0.000000
v -0.000000 0.010000 -0.000000
v -0.000000 0.010000 -0.000000
v -0.000000 0.010000 -0.000000
v -0.000000 0.010000 -0.000000
v -0.000000 0.010000 -0.000000
v -0.008520 0.000000 0.005235
v -0.008520 0.000000 0.005235
v -0.008520 0.000000 0.005235
v -0.008520 0.000000 0.005235
v -0.008520 0.000000 0.005235
v -0.008520 0.000000 0.005235
v 0.008420 -0.000000 -0.005395
v 0.008420 -0.000000 -0.005395
v 0.008420 -0.000000 -0.005395
v 0.008420 -0.000000 -0.005395
v 0.008420 -0.000000 -0.005395
v 0.008420 -0.000000 -0.005395
v 0.006294 -0.000000 -0.007771
v 0.006294 -0.000000 -0.007771
v 0.006294 -0.000000 -0.007771
v 0.006294 -0.000000 -0.007771
v 0.006294 -0.000000 -0.007771
v 0.006294 -0.000000 -0.007771
v -0.000000 0.010000 -0.000000
v -0.000000 0.010000 -0.000000
v -0.000000 0.010000 -0.000000
v -0.000000 0.010000 -0.000000
v -0.000000 0.010000 -0.000000
v -0.000000 0.010000 -0.000000
v -0.006294 0.000000 0.007771
v -0.006294 0.000000 0.007771
v -0.006294 0.000000 0.007771
v -0.006294 0.000000 0.007771
v -0.006294 0.000000 0.007771
v -0.006294 0.000000 0.007771
v -0.000057 -0.000000 -0.010000
v -0.000057 -0.000000 -0.010000
v -0.000057 -0.000000 -0.010000
v -0.000057 -0.000000 -0.010000
v -0.000057 -0.000000 -0.010000
v -0.000057 -0.000000 -0.010000
v -0.000000 0.010000 -0.000000
v -0.000000 0.010000 -0.000000
v -0.000000 0.010000 -0.000000
v -0.000000 0.010000 -0.000000
v -0.000000 0.010000 -0.000000
v -0.000000 0.010000 -0.000000
v 0.000063 0.000000 0.010000
v 0.000063 0.000000 0.010000
v 0.000063 0.000000 0.010000
v 0.000063 0.000000 0.010000
v 0.000063 0.000000 0.010000
v 0.000063 0.000000 0.010000
v -0.000000 0.010000 -0.000000
v -0.000000 0.010000 -0.000000
v -0.000000 0.010000 -0.000000
v -0.000000 0.010000 -0.000000
v -0.000000 0.010000 -0.000000
v -0.000000 0.010000 -0.000000
v 0.010000 0.000000 -0.000000
v 0.010000 0.000000 -0.000000
v 0.010000 0.000000 -0.000000
v 0.010000 0.000000 -0.000000
v 0.010000 0.000000 -0.000000
v 0.010000 0.000000 -0.000000
v 0.009998 0.000000 0.000205
v 0.009998 0.000000 0.000205
v 0.009998 0.000000 0.000205
v 0.009998 0.000000 0.000205
v 0.009998 0.000000 0.000205
v 0.009998 0.000000 0.000205
v -0.010000 0.000000 0.000000
v -0.010000 0.000000 0.000000
v -0.010000 0.000000 0.000000
v -0.010000 0.000000 0.000000
v -0.010000 0.000000 0.000000
v -0.010000 0.000000 0.000000
v 0.000000 0.000000 0.010000
v 0.000000 0.000000 0.010000
v 0.000000 0.000000 0.010000
v 0.000000 0.000000 0.010000
v 0.000000 0.000000 0.010000
v 0.000000 0.000000 0.010000
v -0.000000 0.010000 -0.000000
v -0.000000 0.010000 -0.000000
v -0.000000 0.010000 -0.000000
v -0.000000 0.010000 -0.000000
v -0.000000 0.010000 -0.000000
v -0.000000 0.010000 -0.000000
v 0.008520 0.000000 0.005235
v 0.008520 0.000000 0.005235
v 0.008520 0.000000 0.005235
v 0.008520 0.000000 0.005235
v 0.008520 0.000000 0.005235
v 0.008520 0.000000 0.005235
v -0.008420 -0.000000 -0.005395
v -0.008420 -0.000000 -0.005395
v -0.008420 -0.000000 -0.005395
v -0.008420 -0.000000 -0.005395
v -0.008420 -0.000000 -0.005395
v -0.008420 -0.000000 -0.005395
v -0.006294 -0.000000 -0.007771
v -0.006294 -0.000000 -0.007771
v -0.006294 -0.000000 -0.007771
v -0.006294 -0.000000 -0.007771
v -0.006294 -0.000000 -0.007771
v -0.006294 -0.000000 -0.007771
v -0.000000 0.010000 -0.000000
v -0.000000 0.010000 -0.000000
v -0.000000 0.010000 -0.000000
v -0.000000 0.010000 -0.000000
v -0.000000 0.010000 -0.000000
v -0.000000 0.010000 -0.000000
v 0.006294 0.000000 0.007771
v 0.006294 0.000000 0.007771
v 0.006294 0.000000 0.007771
v 0.006294 0.000000 0.007771
v 0.006294 0.000000 0.007771
v 0.006294 0.000000 0.007771
v 0.000057 -0.000000 -0.010000
v 0.000057 -0.000000 -0.010000
v 0.000057 -0.000000 -0.010000
v 0.000057 -0.000000 -0.010000
v 0.000057 -0.000000 -0.010000
v 0.000057 -0.000000 -0.010000
v -0.000000 0.010000 -0.000000
v -0.000000 0.010000 -0.000000
v -0.000000 0.010000 -0.000000
v -0.000000 0.010000 -0.000000
v -0.000000 0.010000 -0.000000
v -0.000000 0.010000 -0.000000
v -0.000063 0.000000 0.010000
v -0.000063 0.000000 0.010000
v -0.000063 0.000000 0.010000
v -0.000063 0.000000 0.010000
v -0.000063 0.000000 0.010000
v -0.000063 0.000000 0.010000
v -0.000000 0.010000 -0.000000
v -0.000000 0.010000 -0.000000
v -0.000000 0.010000 -0.000000
v -0.000000 0.010000 -0.000000
v -0.000000 0.010000 -0.000000
v -0.000000 0.010000 -0.000000
v 0.007383 0.004758 -0.004780
v 0.007383 0.004758 -0.004780
v 0.007383 0.004758 -0.004780
v 0.005435 0.002918 -0.007871
v 0.005435 0.002918 -0.007871
v 0.005435 0.002918 -0.007871
v 0.003291 0.001469 -0.009328
v 0.003291 0.001469 -0.009328
v 0.003291 0.001469 -0.009328
v 0.002993 0.001355 -0.009445
v 0.002993 0.001355 -0.009445
v 0.002993 0.001355 -0.009445
v -0.008400 0.003752 -0.003919
v -0.008400 0.003752 -0.003919
v -0.008400 0.003752 -0.003919
v -0.005811 0.005060 -0.006374
v -0.005811 0.005060 -0.006374
v -0.005811 0.005060 -0.006374
v -0.000000 0.004760 0.008794
v -0.000000 0.004760 0.008794
v -0.000000 0.004760 0.008794
v 0.000000 0.004760 0.008794
v 0.000000 0.004760 0.008794
v 0.000000 0.004760 0.008794
v -0.000000 0.010000 -0.000000
v -0.000000 0.010000 -0.000000
v -0.000000 0.010000 -0.000000
v -0.000000 0.010000 -0.000000
v -0.000000 0.010000 -0.000000
v -0.000000 0.010000 -0.000000
v -0.000000 0.010000 -0.000000
v -0.000000 0.010000 -0.000000
v -0.000000 0.010000 -0.000000
v -0.000000 0.010000 -0.000000
v -0.000000 0.010000 -0.000000
v -0.000000 0.010000 -0.000000
v -0.005248 0.001310 -0.008411
v -0.005248 0.001310 -0.008411
v -0.005248 0.001310 -0.008411
v -0.005448 0.001361 -0.008275
v -0.005448 0.001361 -0.008275
v -0.005448 0.001361 -0.008275
v 0.005107 0.004810 0.007126
v 0.005107 0.004810 0.007126
v 0.005107 0.004810 0.007126
v 0.003357 0.003274 0.008832
v 0.003357 0.003274 0.008832
v 0.003357 0.003274 0.008832
v 0.003506 0.001439 -0.009254
v 0.003506 0.001439 -0.009254
v 0.003506 0.001439 -0.009254
v 0.000973 0.002689 -0.009582
v 0.000973 0.002689 -0.009582
v 0.000973 0.002689 -0.009582
v -0.003234 0.004980 0.008046
v -0.003234 0.004980 0.008046
v -0.003234 0.004980 0.008046
v -0.005635 0.003690 0.007391
v -0.005635 0.003690 0.007391
v -0.005635 0.003690 0.007391
v -0.001714 0.002487 -0.009533
v -0.001714 0.002487 -0.009533
v -0.001714 0.002487 -0.009533
v -0.002918 0.002646 -0.009192
v -0.002918 0.002646 -0.009192
v -0.002918 0.002646 -0.009192
v -0.000000 0.010000 -0.000000
v -0.000000 0.010000 -0.000000
v -0.000000 0.010000 -0.000000
v -0.000000 0.010000 -0.000000
v -0.000000 0.010000 -0.000000
v -0.000000 0.010000 -0.000000
v 0.008236 0.003897 0.004122
v 0.008236 0.003897 0.004122
v 0.008236 0.003897 0.004122
v 0.007069 0.002485 0.006622
v 0.007069 0.002485 0.006622
v 0.007069 0.002485 0.006622
v -0.006931 0.003844 0.006098
v -0.006931 0.003844 0.006098
v -0.006931 0.003844 0.006098
v -0.008558 0.003250 0.004024
v -0.008558 0.003250 0.004024
v -0.008558 0.003250 0.004024
v -0.000000 0.010000 -0.000000
v -0.000000 0.010000 -0.000000
v -0.000000 0.010000 -0.000000
v -0.000000 0.010000 -0.000000
v -0.000000 0.010000 -0.000000
v -0.000000 0.010000 -0.000000
v 0.003386 0.002080 -0.009177
v 0.003386 0.002080 -0.009177
v 0.003386 0.002080 -0.009177
v 0.001931 0.003293 -0.009243
v 0.001931 0.003293 -0.009243
v 0.001931 0.003293 -0.009243
v -0.009991 -0.000000 -0.000414
v -0.009991 -0.000000 -0.000414
v -0.009991 -0.000000 -0.000414
v -0.009991 -0.000000 -0.000414
v -0.009991 -0.000000 -0.000414
v -0.009991 -0.000000 -0.000414
v 0.000053 0.000000 0.010000
v 0.000053 0.000000 0.010000
v 0.000053 0.000000 0.010000
v 0.000053 0.000000 0.010000
v 0.000053 0.000000 0.010000
v 0.000053 0.000000 0.010000
v 0.003929 0.000000 0.009196
v 0.003929 0.000000 0.009196
v 0.003929 0.000000 0.009196
v 0.003929 0.000000 0.009196
v 0.003929 0.000000 0.009196
v 0.003929 0.000000 0.009196
v 0.009723 0.000000 0.002336
v 0.009723 0.000000 0.002336
v 0.009723 0.000000 0.002336
v 0.009723 0.000000 0.002336
v 0.009723 0.000000 0.002336
v 0.009723 0.000000 0.002336
v -0.004454 0.000000 0.008953
v -0.004454 0.000000 0.008953
v -0.004454 0.000000 0.008953
v -0.004454 0.000000 0.008953
v -0.004454 0.000000 0.008953
v -0.004454 0.000000 0.008953
v -0.008868 -0.000000 -0.004622
v -0.008868 -0.000000 -0.004622
v -0.008868 -0.000000 -0.004622
v -0.008868 -0.000000 -0.004622
v -0.008868 -0.000000 -0.004622
v -0.008868 -0.000000 -0.004622
v 0.000224 -0.000000 -0.009997
v 0.000224 -0.000000 -0.009997
v 0.000224 -0.000000 -0.009997
v 0.000224 -0.000000 -0.009997
v 0.000224 -0.000000 -0.009997
v 0.000224 -0.000000 -0.009997
v -0.001067 0.000000 0.009943
v -0.001067 0.000000 0.009943
v -0.001067 0.000000 0.009943
v -0.001067 0.000000 0.009943
v -0.001067 0.000000 0.009943
v -0.001067 0.000000 0.009943
v -0.009168 0.000000 0.003993
v -0.009168 0.000000 0.003993
v -0.009168 0.000000 0.003993
v -0.009168 0.000000 0.003993
v -0.009168 0.000000 0.003993
v -0.009168 0.000000 0.003993
v -0.008474 -0.000000 -0.005309
v -0.008474 -0.000000 -0.005309
v -0.008474 -0.000000 -0.005309
v -0.008474 -0.000000 -0.005309
v -0.008474 -0.000000 -0.005309
v -0.008474 -0.000000 -0.005309
v 0.003192 0.000000 0.009477
v 0.003192 0.000000 0.009477
v 0.003192 0.000000 0.009477
v 0.003192 0.000000 0.009477
v 0.003192 0.000000 0.009477
v 0.003192 0.000000 0.009477
v -0.006430 0.000000 0.007659
v -0.006430 0.000000 0.007659
v -0.006430 0.000000 0.007659
v -0.006430 0.000000 0.007659
v -0.006430 0.000000 0.007659
v -0.006430 0.000000 0.007659
v 0.009894 -0.000000 -0.001454
v 0.009894 -0.000000 -0.001454
v 0.009894 -0.000000 -0.001454
v 0.009894 -0.000000 -0.001454
v 0.009894 -0.000000 -0.001454
v 0.009894 -0.000000 -0.001454
v -0.009382 -0.000000 -0.003461
v -0.009382 -0.000000 -0.003461
v -0.009382 -0.000000 -0.003461
v -0.009382 -0.000000 -0.003461
v -0.009382 -0.000000 -0.003461
v -0.009382 -0.000000 -0.003461
v -0.000049 -0.000000 -0.010000
v -0.000049 -0.000000 -0.010000
v -0.000049 -0.000000 -0.010000
v -0.000049 -0.000000 -0.010000
v -0.000049 -0.000000 -0.010000
v -0.000049 -0.000000 -0.010000
v -0.009836 -0.000000 -0.001805
v -0.009836 -0.000000 -0.001805
v -0.009836 -0.000000 -0.001805
v -0.009836 -0.000000 -0.001805
v -0.009836 -0.000000 -0.001805
v -0.009836 -0.000000 -0.001805
v -0.009491 -0.000000 -0.003151
v -0.009491 -0.000000 -0.003151
v -0.009491 -0.000000 -0.003151
v -0.009491 -0.000000 -0.003151
v -0.009491 -0.000000 -0.003151
v -0.009491 -0.000000 -0.003151
v 0.007536 -0.000000 -0.006574
v 0.007536 -0.000000 -0.006574
v 0.007536 -0.000000 -0.006574
v 0.007536 -0.000000 -0.006574
v 0.007536 -0.000000 -0.006574
v 0.007536 -0.000000 -0.006574
v 0.009667 -0.000000 -0.002558
v 0.009667 -0.000000 -0.002558
v 0.009667 -0.000000 -0.002558
v 0.009667 -0.000000 -0.002558
v 0.009667 -0.000000 -0.002558
v 0.009667 -0.000000 -0.002558
v -0.002945 -0.000000 -0.009556
v -0.002945 -0.000000 -0.009556
v -0.002945 -0.000000 -0.009556
v -0.002945 -0.000000 -0.009556
v -0.002945 -0.000000 -0.009556
v -0.002945 -0.000000 -0.009556
v 0.005273 -0.000000 -0.008497
v 0.005273 -0.000000 -0.008497
v 0.005273 -0.000000 -0.008497
v 0.005273 -0.000000 -0.008497
v 0.005273 -0.000000 -0.008497
v 0.005273 -0.000000 -0.008497
v 0.008619 -0.000000 -0.005071
v 0.008619 -0.000000 -0.005071
v 0.008619 -0.000000 -0.005071
v 0.008619 -0.000000 -0.005071
v 0.008619 -0.000000 -0.005071
v 0.008619 -0.000000 -0.005071
v 0.007718 -0.000000 -0.006359
v 0.007718 -0.000000 -0.006359
v 0.007718 -0.000000 -0.006359
v 0.007718 -0.000000 -0.006359
v 0.007718 -0.000000 -0.006359
v 0.007718 -0.000000 -0.006359
v 0.007496 -0.000000 -0.006619
v 0.007496 -0.000000 -0.006619
v 0.007496 -0.000000 -0.006619
v 0.007496 -0.000000 -0.006619
v 0.007496 -0.000000 -0.006619
v 0.007496 -0.000000 -0.006619
v 0.004040 -0.000000 -0.009147
v 0.004040 -0.000000 -0.009147
v 0.004040 -0.000000 -0.009147
v 0.004040 -0.000000 -0.009147
v 0.004040 -0.000000 -0.009147
v 0.004040 -0.000000 -0.009147
v 0.008068 0.000000 0.005908
v 0.008068 0.000000 0.005908
v 0.008068 0.000000 0.005908
v 0.008068 0.000000 0.005908
v 0.008068 0.000000 0.005908
v 0.008068 0.000000 0.005908
v -0.000000 0.010000 -0.000000
v -0.000000 0.010000 -0.000000
v -0.000000 0.010000 -0.000000
v -0.000000 0.010000 -0.000000
v -0.000000 0.010000 -0.000000
v -0.000000 0.010000 -0.000000
v -0.000000 0.010000 -0.000000
v -0.000000 0.010000 -0.000000
v -0.000000 0.010000 -0.000000
v -0.000000 0.010000 -0.000000
v -0.000000 0.010000 -0.000000
v -0.000000 0.010000 -0.000000
v -0.000000 0.010000 -0.000000
v -0.000000 0.010000 -0.000000
v -0.000000 0.010000 -0.000000
v -0.000000 0.010000 -0.000000
v -0.000000 0.010000 -0.000000
v -0.000000 0.010000 -0.000000
v -0.000000 0.010000 -0.000000
v -0.000000 0.010000 -0.000000
v -0.000000 0.010000 -0.000000
v -0.000000 0.010000 -0.000000
v -0.000000 0.010000 -0.000000
v -0.000000 0.010000 -0.000000
v -0.000000 0.010000 -0.000000
v -0.000000 0.010000 -0.000000
v -0.000000 0.010000 -0.000000
v -0.000000 0.010000 -0.000000
v -0.000000 0.010000 -0.000000
v -0.000000 0.010000 -0.000000
v -0.000000 0.010000 -0.000000
v -0.000000 0.010000 -0.000000
v -0.000000 0.010000 -0.000000
v -0.000000 0.010000 -0.000000
v -0.000000 0.010000 -0.000000
v -0.000000 0.010000 -0.000000
v -0.000000 0.010000 -0.000000
v -0.000000 0.010000 -0.000000
v -0.000000 0.010000 -0.000000
v -0.000000 0.010000 -0.000000
v -0.000000 0.010000 -0.000000
v -0.000000 0.010000 -0.000000
v -0.000000 0.010000 -0.000000
v -0.000000 0.010000 -0.000000
v -0.000000 0.010000 -0.000000
v -0.000000 0.010000 -0.000000
v -0.000000 0.010000 -0.000000
v -0.000000 0.010000 -0.000000
v -0.000000 0.010000 -0.000000
v -0.000000 0.010000 -0.000000
v -0.000000 0.010000 -0.000000
v -0.000000 0.010000 -0.000000
v -0.000000 0.010000 -0.000000
v -0.000000 0.010000 -0.000000
v -0.000000 0.010000 -0.000000
v -0.000000 0.010000 -0.000000
v -0.000000 0.010000 -0.000000
v -0.000000 0.010000 -0.000000
v -0.000000 0.010000 -0.000000
v -0.000000 0.010000 -0.000000
v -0.000000 0.010000 -0.000000
v -0.000000 0.010000 -0.000000
v -0.000000 0.010000 -0.000000
v -0.000000 0.010000 -0.000000
v -0.000000 0.010000 -0.000000
v -0.000000 0.010000 -0.000000
v -0.000000 0.010000 -0.000000
v -0.000000 0.010000 -0.000000
v -0.000000 0.010000 -0.000000
v -0.000000 0.010000 -0.000000
v -0.000000 0.010000 -0.000000
v -0.000000 0.010000 -0.000000
vn -0.0000 1.0000 -0.0000
vn 0.0000 0.0000 1.0000
vn 0.0000 -1.0000 0.0000
vn 1.0000 0.0000 -0.0000
vn -1.0000 0.0000 0.0000
vn 0.7168 -0.0000 -0.6973
vn 0.0301 0.0000 0.9995
vn 0.1032 -0.0000 0.9947
vn 0.9992 -0.0000 0.0402
vn -0.7885 -0.0000 -0.6151
vn -0.7884 -0.0000 -0.6151
vn -0.9917 0.0000 0.1283
vn 0.0003 0.0000 1.0000
vn 0.7251 -0.0000 -0.6886
vn 0.9528 0.0000 0.3035
vn -0.7077 -0.0000 -0.7065
vn 0.9882 0.0000 -0.1528
vn 0.9883 0.0000 -0.1528
vn -1.0000 0.0000 -0.0002
vn 0.0136 -0.0000 -0.9999
vn -0.0133 -0.0000 -0.9999
vn 0.8604 0.0000 0.5096
vn -0.8610 0.0000 0.5087
vn 0.9997 0.0000 -0.0224
vn 0.0153 0.0000 -0.9999
vn -0.9624 0.0000 0.2715
vn 0.7861 0.0000 0.6181
vn 0.7996 -0.0000 -0.6006
vn -0.7656 0.0000 0.6433
vn -0.0121 -0.0000 -0.9999
vn -0.1988 0.0000 0.9800
vn 0.8253 0.0000 0.5647
vn 0.8941 0.0000 0.4479
vn -1.0000 0.0000 0.0007
vn 0.9853 0.0000 0.1709
vn 0.8583 -0.0000 -0.5131
vn 0.9996 0.0000 -0.0275
vn 0.0400 -0.0000 -0.9992
vn -0.1427 -0.0000 -0.9898
vn 0.9582 -0.0000 -0.2860
vn 0.9248 0.0000 0.3805
vn -0.9978 0.0000 0.0666
vn 0.8169 -0.0000 -0.5768
vn -0.9999 -0.0000 -0.0133
vn 0.9766 0.0000 -0.2153
vn -0.8957 0.0000 0.4446
vn -0.3508 -0.0000 -0.9365
vn -0.3507 -0.0000 -0.9365
vn -0.1482 0.0000 0.9890
vn 1.0000 0.0000 0.0082
vn -0.0525 0.0000 0.9986
vn 0.9931 -0.0000 0.1177
vn 0.1761 0.0000 0.9844
vn 0.0015 -0.0000 -1.0000
vn -0.9443 0.0000 0.3290
vn -0.9840 0.0000 0.1779
vn -0.0318 -0.0000 -0.9995
vn -0.9805 -0.0000 -0.1964
vn -0.9805 -0.0000 -0.1965
vn -0.0046 0.0000 1.0000
vn 0.0098 0.0000 1.0000
vn 0.1197 0.0000 0.9928
vn -0.9998 -0.0000 -0.0183
vn -0.8949 -0.0000 -0.4462
vn 0.8617 0.0000 0.5075
vn -0.9998 0.0000 0.0215
vn -0.0666 0.0000 0.9978
vn 0.9386 -0.0000 -0.3450
vn -0.0972 -0.0000 -0.9953
vn 0.0262 0.0000 0.9997
vn -0.2242 0.0000 0.9745
vn -0.2636 -0.0000 -0.9646
vn 1.0000 0.0000 0.0061
vn -0.9998 0.0000 -0.0194
vn 1.0000 0.0000 -0.0024
vn -0.6265 -0.0000 -0.7794
vn -0.9917 0.0000 0.1285
vn 0.9941 0.0000 0.1085
vn 0.0112 0.0000 0.9999
vn 0.0357 -0.0000 -0.9994
vn 0.2030 0.0000 0.9792
vn -0.9835 0.0000 0.1809
vn 0.9284 0.0000 0.3716
vn -0.0488 0.0000 0.9988
vn 0.9970 0.0000 0.0776
vn -1.0000 0.0000 0.0039
vn -1.0000 0.0000 -0.0086
vn 0.3066 -0.0000 -0.9518
vn 0.4854 -0.0000 -0.8743
vn 0.9423 0.0000 0.3347
vn -0.1257 -0.0000 -0.9921
vn 0.0732 -0.0000 0.9973
vn 0.0731 0.0000 0.9973
vn -0.0947 0.0000 0.9955
vn 1.0000 0.0000 -0.0008
vn -1.0000 0.0000 -0.0083
vn -0.9988 0.0000 0.0494
vn 0.0050 -0.0000 -1.0000
vn -1.0000 0.0000 0.0022
vn 0.0714 0.0000 0.9974
vn 0.0492 0.0010 0.9988
vn -0.5291 -0.0000 -0.8486
vn 1.0000 0.0000 0.0020
vn 0.9600 0.0202 0.2793
vn 0.9999 0.0000 0.0143
vn -0.9959 0.0000 -0.0900
vn 0.0747 -0.0000 -0.9972
vn -0.0596 -0.0000 -0.9982
vn -0.1160 -0.0000 -0.9932
vn 0.2987 -0.0000 -0.9543
vn -0.3532 -0.0000 -0.9356
vn -0.0061 -0.0000 -1.0000
vn -0.7912 0.0000 -0.6116
vn -0.9045 0.0000 -0.4265
vn 0.9498 0.0000 -0.3128
vn -0.9404 0.0000 -0.3400
vn -0.9971 -0.0000 -0.0755
vn 0.3933 0.0000 0.9194
vn 0.3474 -0.0000 0.9377
vn 1.0000 0.0000 -0.0014
vn 0.1585 -0.0000 -0.9874
vn 0.1349 0.0000 0.9909
vn 0.0130 0.0000 0.9999
vn 0.9974 0.0000 0.0717
vn -0.9942 -0.0000 0.1075
vn 0.3081 -0.0000 -0.9514
vn 0.6334 -0.0000 -0.7738
vn -0.3313 -0.0000 -0.9435
vn -0.2924 0.0000 0.9563
vn 0.9995 0.0000 -0.0307
vn 0.9395 0.0000 -0.3424
vn -0.9998 0.0000 0.0205
vn -0.8520 0.0000 0.5235
vn 0.8420 0.0000 -0.5395
vn 0.6294 0.0000 -0.7771
vn -0.6294 0.0000 0.7771
vn -0.0057 0.0000 -1.0000
vn 0.0063 0.0000 1.0000
vn 0.9998 0.0000 0.0205
vn 0.8520 0.0000 0.5235
vn -0.8420 0.0000 -0.5395
vn -0.6294 0.0000 -0.7771
vn 0.6294 0.0000 0.7771
vn 0.0057 0.0000 -1.0000
vn -0.0063 0.0000 1.0000
vn 0.7383 0.4758 -0.4780
vn 0.5435 0.2918 -0.7871
vn 0.3291 0.1469 -0.9328
vn 0.2993 0.1355 -0.9445
vn -0.8400 0.3752 -0.3918
vn -0.5811 0.5060 -0.6374
vn 0.0000 0.4760 0.8794
vn -0.5248 0.1310 -0.8411
vn -0.5448 0.1361 -0.8275
vn 0.5107 0.4810 0.7126
vn 0.3357 0.3274 0.8832
vn 0.3506 0.1439 -0.9254
vn 0.0973 0.2689 -0.9582
vn -0.3234 0.4980 0.8046
vn -0.5635 0.3690 0.7391
vn -0.1714 0.2487 -0.9533
vn -0.2918 0.2646 -0.9192
vn 0.8236 0.3897 0.4122
vn 0.7069 0.2485 0.6622
vn -0.6931 0.3844 0.6098
vn -0.8558 0.3250 0.4024
vn 0.3386 0.2080 -0.9177
vn 0.1932 0.3293 -0.9243
vn -0.9991 0.0000 -0.0414
vn 0.0053 0.0000 1.0000
vn 0.3929 0.0000 0.9196
vn 0.9723 0.0000 0.2336
vn -0.4454 0.0000 0.8953
vn -0.8868 0.0000 -0.4622
vn 0.0224 0.0000 -0.9997
vn -0.1067 0.0000 0.9943
vn -0.9168 0.0000 0.3993
vn -0.8474 0.0000 -0.5309
vn 0.3192 0.0000 0.9477
vn -0.6430 0.0000 0.7659
vn 0.9894 0.0000 -0.1454
vn -0.9382 0.0000 -0.3461
vn -0.0048 0.0000 -1.0000
vn -0.9836 0.0000 -0.1805
vn -0.9491 0.0000 -0.3151
vn 0.7536 0.0000 -0.6574
vn 0.9667 0.0000 -0.2558
vn -0.2945 0.0000 -0.9556
vn 0.5273 0.0000 -0.8497
vn 0.8619 0.0000 -0.5071
vn 0.7718 0.0000 -0.6358
vn 0.7718 0.0000 -0.6359
vn 0.7496 0.0000 -0.6619
vn 0.4040 0.0000 -0.9147
vn 0.8068 0.0000 0.5908
usemtl None
s off
f 1//1 2//1 3//1
f 4//1 5//1 6//1
f 7//1 8//1 9//1
f 10//1 11//1 12//1
f 13//1 14//1 15//1
f 16//1 17//1 18//1
f 19//1 20//1 21//1
f 22//1 23//1 24//1
f 25//2 26//2 27//2
f 28//2 29//2 30//2
f 31//2 32//2 33//2
f 34//2 35//2 36//2
f 37//2 38//2 39//2
f 40//2 41//2 42//2
f 43//2 44//2 45//2
f 46//2 47//2 48//2
f 49//1 50//1 51//1
f 52//1 53//1 54//1
f 55//1 56//1 57//1
f 58//1 59//1 60//1
f 61//1 62//1 63//1
f 64//1 65//1 66//1
f 67//1 68//1 69//1
f 70//1 71//1 72//1
f 73//1 74//1 75//1
f 76//1 77//1 78//1
f 79//3 80//3 81//3
f 82//3 83//3 84//3
f 85//3 86//3 87//3
f 88//3 89//3 90//3
f 91//2 92//2 93//2
f 94//2 95//2 96//2
f 97//2 98//2 99//2
f 100//2 101//2 102//2
f 103//2 104//2 105//2
f 106//2 107//2 108//2
f 109//2 110//2 111//2
f 112//2 113//2 114//2
f 115//2 116//2 117//2
f 118//2 119//2 120//2
f 121//2 122//2 123//2
f 124//2 125//2 126//2
f 127//2 128//2 129//2
f 130//2 131//2 132//2
f 133//1 134//1 135//1
f 136//1 137//1 138//1
f 139//1 140//1 141//1
f 142//1 143//1 144//1
f 145//1 146//1 147//1
f 148//1 149//1 150//1
f 151//4 152//4 153//4
f 154//4 155//4 156//4
f 157//5 158//5 159//5
f 160//5 161//5 162//5
f 163//2 164//2 165//2
f 166//2 167//2 168//2
f 169//2 170//2 171//2
f 172//2 173//2 174//2
f 175//2 176//2 177//2
f 178//2 179//2 180//2
f 181//2 182//2 183//2
f 184//2 185//2 186//2
f 187//2 188//2 189//2
f 190//2 191//2 192//2
f 193//1 194//1 195//1
f 196//1 197//1 198//1
f 199//1 200//1 201//1
f 202//1 203//1 204//1
f 205//1 206//1 207//1
f 208//1 209//1 210//1
f 211//1 212//1 213//1
f 214//1 215//1 216//1
f 217//1 218//1 219//1
f 220//1 221//1 222//1
f 223//2 224//2 225//2
f 226//2 227//2 228//2
f 229//2 230//2 231//2
f 232//2 233//2 234//2
f 235//2 236//2 237//2
f 238//2 239//2 240//2
f 241//2 242//2 243//2
f 244//2 245//2 246//2
f 247//2 248//2 249//2
f 250//2 251//2 252//2
f 253//6 254//6 255//6
f 256//6 257//6 258//6
f 259//7 260//7 261//7
f 262//7 263//7 264//7
f 265//8 266//8 267//8
f 268//8 269//8 270//8
f 271//9 272//9 273//9
f 274//9 275//9 276//9
f 277//10 278//10 279//10
f 280//11 281//11 282//11
f 283//12 284//12 285//12
f 286//12 287//12 288//12
f 289//13 290//13 291//13
f 292//13 293//13 294//13
f 295//14 296//14 297//14
f 298//14 299//14 300//14
f 301//15 302//15 303//15
f 304//15 305//15 306//15
f 307//16 308//16 309//16
f 310//16 311//16 312//16
f 313//17 314//17 315//17
f 316//18 317//18 318//18
f 319//19 320//19 321//19
f 322//19 323//19 324//19
f 325//20 326//20 327//20
f 328//20 329//20 330//20
f 331//21 332//21 333//21
f 334//21 335//21 336//21
f 337//22 338//22 339//22
f 340//22 341//22 342//22
f 343//23 344//23 345//23
f 346//23 347//23 348//23
f 349//2 350//2 351//2
f 352//2 353//2 354//2
f 355//24 356//24 357//24
f 358//24 359//24 360//24
f 361//25 362//25 363//25
f 364//25 365//25 366//25
f 367//26 368//26 369//26
f 370//26 371//26 372//26
f 373//27 374//27 375//27
f 376//27 377//27 378//27
f 379//28 380//28 381//28
f 382//28 383//28 384//28
f 385//29 386//29 387//29
f 388//29 389//29 390//29
f 391//30 392//30 393//30
f 394//30 395//30 396//30
f 397//31 398//31 399//31
f 400//31 401//31 402//31
f 403//32 404//32 405//32
f 406//32 407//32 408//32
f 409//33 410//33 411//33
f 412//33 413//33 414//33
f 415//34 416//34 417//34
f 418//34 419//34 420//34
f 421//2 422//2 423//2
f 424//2 425//2 426//2
f 427//35 428//35 429//35
f 430//35 431//35 432//35
f 433//36 434//36 435//36
f 436//36 437//36 438//36
f 439//37 440//37 441//37
f 442//37 443//37 444//37
f 445//38 446//38 447//38
f 448//38 449//38 450//38
f 451//39 452//39 453//39
f 454//39 455//39 456//39
f 457//13 458//13 459//13
f 460//13 461//13 462//13
f 463//40 464//40 465//40
f 466//40 467//40 468//40
f 469//41 470//41 471//41
f 472//41 473//41 474//41
f 475//42 476//42 477//42
f 478//42 479//42 480//42
f 481//43 482//43 483//43
f 484//43 485//43 486//43
f 487//44 488//44 489//44
f 490//44 491//44 492//44
f 493//45 494//45 495//45
f 496//45 497//45 498//45
f 499//46 500//46 501//46
f 502//46 503//46 504//46
f 505//47 506//47 507//47
f 508//48 509//48 510//48
f 511//49 512//49 513//49
f 514//49 515//49 516//49
f 517//50 518//50 519//50
f 520//50 521//50 522//50
f 523//51 524//51 525//51
f 526//51 527//51 528//51
f 529//52 530//52 531//52
f 532//52 533//52 534//52
f 535//5 536//5 537//5
f 538//5 539//5 540//5
f 541//53 542//53 543//53
f 544//53 545//53 546//53
f 547//54 548//54 549//54
f 550//54 551//54 552//54
f 553//55 554//55 555//55
f 556//55 557//55 558//55
f 559//56 560//56 561//56
f 562//56 563//56 564//56
f 565//57 566//57 567//57
f 568//57 569//57 570//57
f 571//58 572//58 573//58
f 574//59 575//59 576//59
f 577//60 578//60 579//60
f 580//60 581//60 582//60
f 583//61 584//61 585//61
f 586//61 587//61 588//61
f 589//62 590//62 591//62
f 592//62 593//62 594//62
f 595//63 596//63 597//63
f 598//63 599//63 600//63
f 601//64 602//64 603//64
f 604//64 605//64 606//64
f 607//65 608//65 609//65
f 610//65 611//65 612//65
f 613//66 614//66 615//66
f 616//66 617//66 618//66
f 619//67 620//67 621//67
f 622//67 623//67 624//67
f 625//68 626//68 627//68
f 628//68 629//68 630//68
f 631//69 632//69 633//69
f 634//69 635//69 636//69
f 637//70 638//70 639//70
f 640//70 641//70 642//70
f 643//71 644//71 645//71
f 646//71 647//71 648//71
f 649//72 650//72 651//72
f 652//72 653//72 654//72
f 655//73 656//73 657//73
f 658//73 659//73 660//73
f 661//74 662//74 663//74
f 664//74 665//74 666//74
f 667//75 668//75 669//75
f 670//75 671//75 672//75
f 673//76 674//76 675//76
f 676//76 677//76 678//76
f 679//77 680//77 681//77
f 682//77 683//77 684//77
f 685//78 686//78 687//78
f 688//78 689//78 690//78
f 691//79 692//79 693//79
f 694//79 695//79 696//79
f 697//80 698//80 699//80
f 700//80 701//80 702//80
f 703//81 704//81 705//81
f 706//81 707//81 708//81
f 709//82 710//82 711//82
f 712//82 713//82 714//82
f 715//83 716//83 717//83
f 718//83 719//83 720//83
f 721//84 722//84 723//84
f 724//84 725//84 726//84
f 727//85 728//85 729//85
f 730//85 731//85 732//85
f 733//86 734//86 735//86
f 736//86 737//86 738//86
f 739//87 740//87 741//87
f 742//87 743//87 744//87
f 745//88 746//88 747//88
f 748//88 749//88 750//88
f 751//5 752//5 753//5
f 754//5 755//5 756//5
f 757//89 758//89 759//89
f 760//89 761//89 762//89
f 763//90 764//90 765//90
f 766//90 767//90 768//90
f 769//91 770//91 771//91
f 772//91 773//91 774//91
f 775//92 776//92 777//92
f 778//93 779//93 780//93
f 781//94 782//94 783//94
f 784//94 785//94 786//94
f 787//95 788//95 789//95
f 790//95 791//95 792//95
f 793//96 794//96 795//96
f 796//96 797//96 798//96
f 799//97 800//97 801//97
f 802//97 803//97 804//97
f 805//98 806//98 807//98
f 808//98 809//98 810//98
f 811//99 812//99 813//99
f 814//99 815//99 816//99
f 817//100 818//100 819//100
f 820//101 821//101 822//101
f 823//102 824//102 825//102
f 826//102 827//102 828//102
f 829//103 830//103 831//103
f 832//104 833//104 834//104
f 835//105 836//105 837//105
f 838//105 839//105 840//105
f 841//106 842//106 843//106
f 844//106 845//106 846//106
f 847//107 848//107 849//107
f 850//107 851//107 852//107
f 853//108 854//108 855//108
f 856//108 857//108 858//108
f 859//109 860//109 861//109
f 862//109 863//109 864//109
f 865//110 866//110 867//110
f 868//110 869//110 870//110
f 871//111 872//111 873//111
f 874//111 875//111 876//111
f 877//112 878//112 879//112
f 880//112 881//112 882//112
f 883//113 884//113 885//113
f 886//113 887//113 888//113
f 889//114 890//114 891//114
f 892//114 893//114 894//114
f 895//115 896//115 897//115
f 898//115 899//115 900//115
f 901//116 902//116 903//116
f 904//116 905//116 906//116
f 907//117 908//117 909//117
f 910//117 911//117 912//117
f 913//118 914//118 915//118
f 916//118 917//118 918//118
f 919//119 920//119 921//119
f 922//119 923//119 924//119
f 925//120 926//120 927//120
f 928//120 929//120 930//120
f 931//121 932//121 933//121
f 934//121 935//121 936//121
f 937//122 938//122 939//122
f 940//122 941//122 942//122
f 943//123 944//123 945//123
f 946//123 947//123 948//123
f 949//124 950//124 951//124
f 952//124 953//124 954//124
f 955//125 956//125 957//125
f 958//125 959//125 960//125
f 961//126 962//126 963//126
f 964//126 965//126 966//126
f 967//127 968//127 969//127
f 970//127 971//127 972//127
f 973//128 974//128 975//128
f 976//128 977//128 978//128
f 979//129 980//129 981//129
f 982//129 983//129 984//129
f 985//130 986//130 987//130
f 988//130 989//130 990//130
f 991//131 992//131 993//131
f 994//131 995//131 996//131
f 997//2 998//2 999//2
f 1000//2 1001//2 1002//2
f 1003//2 1004//2 1005//2
f 1006//2 1007//2 1008//2
f 1009//2 1010//2 1011//2
f 1012//2 1013//2 1014//2
f 1015//2 1016//2 1017//2
f 1018//2 1019//2 1020//2
f 1021//2 1022//2 1023//2
f 1024//2 1025//2 1026//2
f 1027//2 1028//2 1029//2
f 1030//2 1031//2 1032//2
f 1033//2 1034//2 1035//2
f 1036//2 1037//2 1038//2
f 1039//2 1040//2 1041//2
f 1042//2 1043//2 1044//2
f 1045//2 1046//2 1047//2
f 1048//2 1049//2 1050//2
f 1051//2 1052//2 1053//2
f 1054//2 1055//2 1056//2
f 1057//2 1058//2 1059//2
f 1060//2 1061//2 1062//2
f 1063//2 1064//2 1065//2
f 1066//2 1067//2 1068//2
f 1069//2 1070//2 1071//2
f 1072//2 1073//2 1074//2
f 1075//2 1076//2 1077//2
f 1078//2 1079//2 1080//2
f 1081//2 1082//2 1083//2
f 1084//2 1085//2 1086//2
f 1087//2 1088//2 1089//2
f 1090//2 1091//2 1092//2
f 1093//2 1094//2 1095//2
f 1096//2 1097//2 1098//2
f 1099//2 1100//2 1101//2
f 1102//2 1103//2 1104//2
f 1105//2 1106//2 1107//2
f 1108//2 1109//2 1110//2
f 1111//2 1112//2 1113//2
f 1114//2 1115//2 1116//2
f 1117//2 1118//2 1119//2
f 1120//2 1121//2 1122//2
f 1123//2 1124//2 1125//2
f 1126//2 1127//2 1128//2
f 1129//2 1130//2 1131//2
f 1132//2 1133//2 1134//2
f 1135//2 1136//2 1137//2
f 1138//2 1139//2 1140//2
f 1141//2 1142//2 1143//2
f 1144//2 1145//2 1146//2
f 1147//2 1148//2 1149//2
f 1150//2 1151//2 1152//2
f 1153//2 1154//2 1155//2
f 1156//2 1157//2 1158//2
f 1159//2 1160//2 1161//2
f 1162//2 1163//2 1164//2
f 1165//2 1166//2 1167//2
f 1168//2 1169//2 1170//2
f 1171//2 1172//2 1173//2
f 1174//2 1175//2 1176//2
f 1177//2 1178//2 1179//2
f 1180//2 1181//2 1182//2
f 1183//2 1184//2 1185//2
f 1186//2 1187//2 1188//2
f 1189//2 1190//2 1191//2
f 1192//2 1193//2 1194//2
f 1195//2 1196//2 1197//2
f 1198//2 1199//2 1200//2
f 1201//2 1202//2 1203//2
f 1204//2 1205//2 1206//2
f 1207//2 1208//2 1209//2
f 1210//2 1211//2 1212//2
f 1213//2 1214//2 1215//2
f 1216//2 1217//2 1218//2
f 1219//2 1220//2 1221//2
f 1222//2 1223//2 1224//2
f 1225//2 1226//2 1227//2
f 1228//2 1229//2 1230//2
f 1231//2 1232//2 1233//2
f 1234//2 1235//2 1236//2
f 1237//2 1238//2 1239//2
f 1240//2 1241//2 1242//2
f 1243//2 1244//2 1245//2
f 1246//2 1247//2 1248//2
f 1249//2 1250//2 1251//2
f 1252//2 1253//2 1254//2
f 1255//2 1256//2 1257//2
f 1258//2 1259//2 1260//2
f 1261//2 1262//2 1263//2
f 1264//2 1265//2 1266//2
f 1267//2 1268//2 1269//2
f 1270//2 1271//2 1272//2
f 1273//2 1274//2 1275//2
f 1276//2 1277//2 1278//2
f 1279//2 1280//2 1281//2
f 1282//2 1283//2 1284//2
f 1285//2 1286//2 1287//2
f 1288//2 1289//2 1290//2
f 1291//2 1292//2 1293//2
f 1294//2 1295//2 1296//2
f 1297//2 1298//2 1299//2
f 1300//2 1301//2 1302//2
f 1303//2 1304//2 1305//2
f 1306//2 1307//2 1308//2
f 1309//2 1310//2 1311//2
f 1312//2 1313//2 1314//2
f 1315//2 1316//2 1317//2
f 1318//2 1319//2 1320//2
f 1321//2 1322//2 1323//2
f 1324//2 1325//2 1326//2
f 1327//2 1328//2 1329//2
f 1330//2 1331//2 1332//2
f 1333//2 1334//2 1335//2
f 1336//2 1337//2 1338//2
f 1339//2 1340//2 1341//2
f 1342//2 1343//2 1344//2
f 1345//2 1346//2 1347//2
f 1348//2 1349//2 1350//2
f 1351//2 1352//2 1353//2
f 1354//2 1355//2 1356//2
f 1357//2 1358//2 1359//2
f 1360//2 1361//2 1362//2
f 1363//2 1364//2 1365//2
f 1366//2 1367//2 1368//2
f 1369//2 1370//2 1371//2
f 1372//2 1373//2 1374//2
f 1375//2 1376//2 1377//2
f 1378//2 1379//2 1380//2
f 1381//2 1382//2 1383//2
f 1384//2 1385//2 1386//2
f 1387//2 1388//2 1389//2
f 1390//2 1391//2 1392//2
f 1393//2 1394//2 1395//2
f 1396//2 1397//2 1398//2
f 1399//2 1400//2 1401//2
f 1402//2 1403//2 1404//2
f 1405//2 1406//2 1407//2
f 1408//2 1409//2 1410//2
f 1411//2 1412//2 1413//2
f 1414//2 1415//2 1416//2
f 1417//2 1418//2 1419//2
f 1420//2 1421//2 1422//2
f 1423//2 1424//2 1425//2
f 1426//2 1427//2 1428//2
f 1429//2 1430//2 1431//2
f 1432//2 1433//2 1434//2
f 1435//2 1436//2 1437//2
f 1438//2 1439//2 1440//2
f 1441//2 1442//2 1443//2
f 1444//2 1445//2 1446//2
f 1447//2 1448//2 1449//2
f 1450//2 1451//2 1452//2
f 1453//2 1454//2 1455//2
f 1456//2 1457//2 1458//2
f 1459//2 1460//2 1461//2
f 1462//2 1463//2 1464//2
f 1465//2 1466//2 1467//2
f 1468//2 1469//2 1470//2
f 1471//2 1472//2 1473//2
f 1474//2 1475//2 1476//2
f 1477//2 1478//2 1479//2
f 1480//2 1481//2 1482//2
f 1483//2 1484//2 1485//2
f 1486//2 1487//2 1488//2
f 1489//2 1490//2 1491//2
f 1492//2 1493//2 1494//2
f 1495//2 1496//2 1497//2
f 1498//2 1499//2 1500//2
f 1501//2 1502//2 1503//2
f 1504//2 1505//2 1506//2
f 1507//2 1508//2 1509//2
f 1510//2 1511//2 1512//2
f 1513//2 1514//2 1515//2
f 1516//2 1517//2 1518//2
f 1519//2 1520//2 1521//2
f 1522//2 1523//2 1524//2
f 1525//2 1526//2 1527//2
f 1528//2 1529//2 1530//2
f 1531//2 1532//2 1533//2
f 1534//2 1535//2 1536//2
f 1537//2 1538//2 1539//2
f 1540//2 1541//2 1542//2
f 1543//2 1544//2 1545//2
f 1546//2 1547//2 1548//2
f 1549//2 1550//2 1551//2
f 1552//2 1553//2 1554//2
f 1555//2 1556//2 1557//2
f 1558//2 1559//2 1560//2
f 1561//2 1562//2 1563//2
f 1564//2 1565//2 1566//2
f 1567//2 1568//2 1569//2
f 1570//2 1571//2 1572//2
f 1573//2 1574//2 1575//2
f 1576//2 1577//2 1578//2
f 1579//2 1580//2 1581//2
f 1582//2 1583//2 1584//2
f 1585//2 1586//2 1587//2
f 1588//2 1589//2 1590//2
f 1591//2 1592//2 1593//2
f 1594//2 1595//2 1596//2
f 1597//2 1598//2 1599//2
f 1600//2 1601//2 1602//2
f 1603//2 1604//2 1605//2
f 1606//2 1607//2 1608//2
f 1609//2 1610//2 1611//2
f 1612//2 1613//2 1614//2
f 1615//2 1616//2 1617//2
f 1618//2 1619//2 1620//2
f 1621//2 1622//2 1623//2
f 1624//2 1625//2 1626//2
f 1627//2 1628//2 1629//2
f 1630//2 1631//2 1632//2
f 1633//2 1634//2 1635//2
f 1636//2 1637//2 1638//2
f 1639//2 1640//2 1641//2
f 1642//2 1643//2 1644//2
f 1645//2 1646//2 1647//2
f 1648//2 1649//2 1650//2
f 1651//2 1652//2 1653//2
f 1654//2 1655//2 1656//2
f 1657//2 1658//2 1659//2
f 1660//2 1661//2 1662//2
f 1663//2 1664//2 1665//2
f 1666//2 1667//2 1668//2
f 1669//2 1670//2 1671//2
f 1672//2 1673//2 1674//2
f 1675//2 1676//2 1677//2
f 1678//2 1679//2 1680//2
f 1681//2 1682//2 1683//2
f 1684//2 1685//2 1686//2
f 1687//2 1688//2 1689//2
f 1690//2 1691//2 1692//2
f 1693//2 1694//2 1695//2
f 1696//2 1697//2 1698//2
f 1699//2 1700//2 1701//2
f 1702//2 1703//2 1704//2
f 1705//2 1706//2 1707//2
f 1708//2 1709//2 1710//2
f 1711//2 1712//2 1713//2
f 1714//2 1715//2 1716//2
f 1717//2 1718//2 1719//2
f 1720//2 1721//2 1722//2
f 1723//2 1724//2 1725//2
f 1726//2 1727//2 1728//2
f 1729//2 1730//2 1731//2
f 1732//2 1733//2 1734//2
f 1735//2 1736//2 1737//2
f 1738//2 1739//2 1740//2
f 1741//1 1742//1 1743//1
f 1744//1 1745//1 1746//1
f 1747//5 1748//5 1749//5
f 1750//5 1751//5 1752//5
f 1753//132 1754//132 1755//132
f 1756//132 1757//132 1758//132
f 1759//4 1760//4 1761//4
f 1762//4 1763//4 1764//4
f 1765//2 1766//2 1767//2
f 1768//2 1769//2 1770//2
f 1771//1 1772//1 1773//1
f 1774//1 1775//1 1776//1
f 1777//133 1778//133 1779//133
f 1780//133 1781//133 1782//133
f 1783//134 1784//134 1785//134
f 1786//134 1787//134 1788//134
f 1789//135 1790//135 1791//135
f 1792//135 1793//135 1794//135
f 1795//1 1796//1 1797//1
f 1798//1 1799//1 1800//1
f 1801//136 1802//136 1803//136
f 1804//136 1805//136 1806//136
f 1807//137 1808//137 1809//137
f 1810//137 1811//137 1812//137
f 1813//1 1814//1 1815//1
f 1816//1 1817//1 1818//1
f 1819//138 1820//138 1821//138
f 1822//138 1823//138 1824//138
f 1825//1 1826//1 1827//1
f 1828//1 1829//1 1830//1
f 1831//4 1832//4 1833//4
f 1834//4 1835//4 1836//4
f 1837//139 1838//139 1839//139
f 1840//139 1841//139 1842//139
f 1843//5 1844//5 1845//5
f 1846//5 1847//5 1848//5
f 1849//2 1850//2 1851//2
f 1852//2 1853//2 1854//2
f 1855//1 1856//1 1857//1
f 1858//1 1859//1 1860//1
f 1861//140 1862//140 1863//140
f 1864//140 1865//140 1866//140
f 1867//141 1868//141 1869//141
f 1870//141 1871//141 1872//141
f 1873//142 1874//142 1875//142
f 1876//142 1877//142 1878//142
f 1879//1 1880//1 1881//1
f 1882//1 1883//1 1884//1
f 1885//143 1886//143 1887//143
f 1888//143 1889//143 1890//143
f 1891//144 1892//144 1893//144
f 1894//144 1895//144 1896//144
f 1897//1 1898//1 1899//1
f 1900//1 1901//1 1902//1
f 1903//145 1904//145 1905//145
f 1906//145 1907//145 1908//145
f 1909//1 1910//1 1911//1
f 1912//1 1913//1 1914//1
f 1915//146 1916//146 1917//146
f 1918//147 1919//147 1920//147
f 1921//148 1922//148 1923//148
f 1924//149 1925//149 1926//149
f 1927//150 1928//150 1929//150
f 1930//151 1931//151 1932//151
f 1933//152 1934//152 1935//152
f 1936//152 1937//152 1938//152
f 1939//1 1940//1 1941//1
f 1942//1 1943//1 1944//1
f 1945//1 1946//1 1947//1
f 1948//1 1949//1 1950//1
f 1951//153 1952//153 1953//153
f 1954//154 1955//154 1956//154
f 1957//155 1958//155 1959//155
f 1960//156 1961//156 1962//156
f 1963//157 1964//157 1965//157
f 1966//158 1967//158 1968//158
f 1969//159 1970//159 1971//159
f 1972//160 1973//160 1974//160
f 1975//161 1976//161 1977//161
f 1978//162 1979//162 1980//162
f 1981//1 1982//1 1983//1
f 1984//1 1985//1 1986//1
f 1987//163 1988//163 1989//163
f 1990//164 1991//164 1992//164
f 1993//165 1994//165 1995//165
f 1996//166 1997//166 1998//166
f 1999//1 2000//1 2001//1
f 2002//1 2003//1 2004//1
f 2005//167 2006//167 2007//167
f 2008//168 2009//168 2010//168
f 2011//169 2012//169 2013//169
f 2014//169 2015//169 2016//169
f 2017//170 2018//170 2019//170
f 2020//170 2021//170 2022//170
f 2023//171 2024//171 2025//171
f 2026//171 2027//171 2028//171
f 2029//172 2030//172 2031//172
f 2032//172 2033//172 2034//172
f 2035//173 2036//173 2037//173
f 2038//173 2039//173 2040//173
f 2041//174 2042//174 2043//174
f 2044//174 2045//174 2046//174
f 2047//175 2048//175 2049//175
f 2050//175 2051//175 2052//175
f 2053//176 2054//176 2055//176
f 2056//176 2057//176 2058//176
f 2059//177 2060//177 2061//177
f 2062//177 2063//177 2064//177
f 2065//178 2066//178 2067//178
f 2068//178 2069//178 2070//178
f 2071//179 2072//179 2073//179
f 2074//179 2075//179 2076//179
f 2077//180 2078//180 2079//180
f 2080//180 2081//180 2082//180
f 2083//181 2084//181 2085//181
f 2086//181 2087//181 2088//181
f 2089//182 2090//182 2091//182
f 2092//182 2093//182 2094//182
f 2095//183 2096//183 2097//183
f 2098//183 2099//183 2100//183
f 2101//184 2102//184 2103//184
f 2104//184 2105//184 2106//184
f 2107//185 2108//185 2109//185
f 2110//185 2111//185 2112//185
f 2113//186 2114//186 2115//186
f 2116//186 2117//186 2118//186
f 2119//187 2120//187 2121//187
f 2122//187 2123//187 2124//187
f 2125//188 2126//188 2127//188
f 2128//188 2129//188 2130//188
f 2131//189 2132//189 2133//189
f 2134//189 2135//189 2136//189
f 2137//190 2138//190 2139//190
f 2140//190 2141//190 2142//190
f 2143//191 2144//191 2145//191
f 2146//192 2147//192 2148//192
f 2149//193 2150//193 2151//193
f 2152//193 2153//193 2154//193
f 2155//194 2156//194 2157//194
f 2158//194 2159//194 2160//194
f 2161//195 2162//195 2163//195
f 2164//195 2165//195 2166//195
f 2167//1 2168//1 2169//1
f 2170//1 2171//1 2172//1
f 2173//1 2174//1 2175//1
f 2176//1 2177//1 2178//1
f 2179//1 2180//1 2181//1
f 2182//1 2183//1 2184//1
f 2185//1 2186//1 2187//1
f 2188//1 2189//1 2190//1
f 2191//1 2192//1 2193//1
f 2194//1 2195//1 2196//1
f 2197//1 2198//1 2199//1
f 2200//1 2201//1 2202//1
f 2203//1 2204//1 2205//1
f 2206//1 2207//1 2208//1
f 2209//1 2210//1 2211//1
f 2212//1 2213//1 2214//1
f 2215//1 2216//1 2217//1
f 2218//1 2219//1 2220//1
f 2221//1 2222//1 2223//1
f 2224//1 2225//1 2226//1
f 2227//1 2228//1 2229//1
f 2230//1 2231//1 2232//1
f 2233//1 2234//1 2235//1
f 2236//1 2237//1 2238//1
f 2239//2 2240//2 2241//2
f 2242//2 2243//2 2244//2
f 2245//2 2246//2 2247//2
f 2248//2 2249//2 2250//2
f 2251//2 2252//2 2253//2
f 2254//2 2255//2 2256//2
f 2257//2 2258//2 2259//2
f 2260//2 2261//2 2262//2
f 2263//2 2264//2 2265//2
f 2266//2 2267//2 2268//2
f 2269//2 2270//2 2271//2
f 2272//2 2273//2 2274//2
f 2275//2 2276//2 2277//2
f 2278//2 2279//2 2280//2
f 2281//2 2282//2 2283//2
f 2284//2 2285//2 2286//2
f 2287//2 2288//2 2289//2
f 2290//2 2291//2 2292//2
f 2293//2 2294//2 2295//2
f 2296//2 2297//2 2298//2
f 2299//2 2300//2 2301//2
f 2302//2 2303//2 2304//2
f 2305//2 2306//2 2307//2
f 2308//2 2309//2 2310//2
f 2311//2 2312//2 2313//2
f 2314//2 2315//2 2316//2
f 2317//2 2318//2 2319//2
f 2320//2 2321//2 2322//2
f 2323//2 2324//2 2325//2
f 2326//2 2327//2 2328//2
f 2329//2 2330//2 2331//2
f 2332//2 2333//2 2334//2
f 2335//2 2336//2 2337//2
f 2338//2 2339//2 2340//2
f 2341//2 2342//2 2343//2
f 2344//2 2345//2 2346//2
f 2347//2 2348//2 2349//2
f 2350//2 2351//2 2352//2
f 2353//2 2354//2 2355//2
f 2356//2 2357//2 2358//2
f 2359//2 2360//2 2361//2
f 2362//2 2363//2 2364//2
f 2365//2 2366//2 2367//2
f 2368//2 2369//2 2370//2
f 2371//2 2372//2 2373//2
f 2374//2 2375//2 2376//2
f 2377//2 2378//2 2379//2
f 2380//2 2381//2 2382//2
f 2383//2 2384//2 2385//2
f 2386//2 2387//2 2388//2
f 2389//2 2390//2 2391//2
f 2392//2 2393//2 2394//2
f 2395//2 2396//2 2397//2
f 2398//2 2399//2 2400//2
f 2401//2 2402//2 2403//2
f 2404//2 2405//2 2406//2
f 2407//2 2408//2 2409//2
f 2410//2 2411//2 2412//2
f 2413//2 2414//2 2415//2
f 2416//2 2417//2 2418//2
f 2419//2 2420//2 2421//2
f 2422//2 2423//2 2424//2
f 2425//2 2426//2 2427//2
f 2428//2 2429//2 2430//2
f 2431//2 2432//2 2433//2
f 2434//2 2435//2 2436//2
f 2437//2 2438//2 2439//2
f 2440//2 2441//2 2442//2
f 2443//2 2444//2 2445//2
f 2446//2 2447//2 2448//2
f 2449//2 2450//2 2451//2
f 2452//2 2453//2 2454//2
f 2455//2 2456//2 2457//2
f 2458//2 2459//2 2460//2
f 2461//2 2462//2 2463//2
f 2464//2 2465//2 2466//2
f 2467//2 2468//2 2469//2
f 2470//2 2471//2 2472//2
f 2473//2 2474//2 2475//2
f 2476//2 2477//2 2478//2
f 2479//2 2480//2 2481//2
f 2482//2 2483//2 2484//2
f 2485//2 2486//2 2487//2
f 2488//2 2489//2 2490//2
f 2491//2 2492//2 2493//2
f 2494//2 2495//2 2496//2
f 2497//2 2498//2 2499//2
f 2500//2 2501//2 2502//2
f 2503//2 2504//2 2505//2
f 2506//2 2507//2 2508//2
f 2509//2 2510//2 2511//2
f 2512//2 2513//2 2514//2
f 2515//2 2516//2 2517//2
f 2518//2 2519//2 2520//2
f 2521//2 2522//2 2523//2
f 2524//2 2525//2 2526//2
f 2527//2 2528//2 2529//2
f 2530//2 2531//2 2532//2
f 2533//2 2534//2 2535//2
f 2536//2 2537//2 2538//2
f 2539//2 2540//2 2541//2
f 2542//2 2543//2 2544//2
f 2545//2 2546//2 2547//2
f 2548//2 2549//2 2550//2
f 2551//2 2552//2 2553//2
f 2554//2 2555//2 2556//2
f 2557//2 2558//2 2559//2
f 2560//2 2561//2 2562//2
f 2563//2 2564//2 2565//2
f 2566//2 2567//2 2568//2
f 2569//2 2570//2 2571//2
f 2572//2 2573//2 2574//2
f 2575//2 2576//2 2577//2
f 2578//2 2579//2 2580//2
f 2581//2 2582//2 2583//2
f 2584//2 2585//2 2586//2
f 2587//2 2588//2 2589//2
f 2590//2 2591//2 2592//2
f 2593//2 2594//2 2595//2
f 2596//2 2597//2 2598//2
f 2599//2 2600//2 2601//2
f 2602//2 2603//2 2604//2
f 2605//2 2606//2 2607//2
f 2608//2 2609//2 2610//2
f 2611//2 2612//2 2613//2
f 2614//2 2615//2 2616//2
f 2617//2 2618//2 2619//2
f 2620//2 2621//2 2622//2
f 2623//2 2624//2 2625//2
f 2626//2 2627//2 2628//2
f 2629//2 2630//2 2631//2
f 2632//2 2633//2 2634//2
f 2635//2 2636//2 2637//2
f 2638//2 2639//2 2640//2
f 2641//2 2642//2 2643//2
f 2644//2 2645//2 2646//2
f 2647//2 2648//2 2649//2
f 2650//2 2651//2 2652//2
f 2653//2 2654//2 2655//2
f 2656//2 2657//2 2658//2
f 2659//2 2660//2 2661//2
f 2662//2 2663//2 2664//2
f 2665//2 2666//2 2667//2
f 2668//2 2669//2 2670//2
f 2671//2 2672//2 2673//2
f 2674//2 2675//2 2676//2
f 2677//2 2678//2 2679//2
f 2680//2 2681//2 2682//2
f 2683//2 2684//2 2685//2
f 2686//2 2687//2 2688//2
f 2689//2 2690//2 2691//2
f 2692//2 2693//2 2694//2
f 2695//2 2696//2 2697//2
f 2698//2 2699//2 2700//2
f 2701//2 2702//2 2703//2
f 2704//2 2705//2 2706//2
f 2707//2 2708//2 2709//2
f 2710//2 2711//2 2712//2
f 2713//2 2714//2 2715//2
f 2716//2 2717//2 2718//2
f 2719//2 2720//2 2721//2
f 2722//2 2723//2 2724//2
f 2725//2 2726//2 2727//2
f 2728//2 2729//2 2730//2
f 2731//2 2732//2 2733//2
f 2734//2 2735//2 2736//2
